,ECA2_0045_01.a_p1,ECA2_0045_02.a_p1,ECA2_0045_03.a_p1,ECA2_0045_04.a_p1,ECA2_0045_05.a_p1,ECA2_0045_06.a_p1,ECA2_0045_07.a_p1,ECA2_0045_08.a_p1,ECA2_0045_09.a_p1,ECA2_0045_10.a_p1
200.986315118622,0,0,0,0,0,0,0,0,0,1
201.124444794287,0,0,1,0,0,0,0,0,0,0
202.968478938028,0,1,0,0,0,0,0,0,0,0
204.991655092319,0,1,0,0,0,0,0,0,0,0
205.014241315858,1,1,1,1,0,1,0,0,0,1
205.035376310462,0,0,0,0,0,0,0,1,0,0
205.050629724349,0,0,1,1,0,0,1,0,0,0
207.029899091282,1,1,1,1,1,1,1,1,1,1
207.066283233563,1,1,0,0,1,0,0,0,0,0
207.139050628023,0,1,0,0,0,0,0,0,0,0
208.937305326679,0,0,0,0,0,0,1,0,0,0
209.009149823193,1,1,1,1,1,1,1,1,1,1
209.045531739112,1,0,1,1,1,1,1,0,1,1
209.056872636589,0,0,0,0,0,0,0,1,0,0
209.094807182265,0,0,0,0,0,0,0,0,1,1
211.024813932517,1,1,1,1,1,1,1,0,1,1
213.029167585385,0,1,0,0,0,0,0,0,0,0
214.963143172389,0,0,0,0,0,1,0,0,0,0
215.034928167092,0,0,1,1,0,0,1,0,0,0
217.05055094518,0,0,0,0,0,0,0,0,0,1
218.103380013694,0,0,0,1,1,1,1,0,0,0
218.103440152306,0,0,1,0,0,0,0,0,0,1
219.029844142125,1,0,0,0,0,1,0,0,0,0
219.066276254624,0,0,0,0,0,0,1,0,0,0
221.009152912676,1,1,1,1,0,1,1,0,0,1
221.045505511615,0,1,1,1,0,1,0,0,1,1
221.08193544951,1,0,0,0,0,0,1,0,1,0
222.098290262413,0,0,0,0,0,0,0,1,0,0
223.024764337093,1,1,1,1,1,1,1,1,1,1
223.061205057204,1,1,1,1,1,0,1,0,1,1
223.097537814546,1,1,0,0,0,1,1,0,1,1
223.145180394511,0,0,0,0,0,0,1,0,0,0
225.004067850545,1,1,0,1,0,1,1,0,1,1
225.04042670604,1,1,1,1,1,1,1,0,1,1
227.019668270253,0,0,0,1,0,0,1,0,0,0
227.140126711641,0,0,1,0,0,0,0,0,0,0
228.014861472771,0,1,0,0,0,0,0,0,0,0
229.017567396488,1,0,0,0,0,0,0,0,1,1
229.035344803185,1,1,1,1,0,1,1,0,1,1
229.15578506445,0,0,1,1,0,0,1,0,1,0
229.994333417484,0,0,0,0,0,0,0,0,0,1
231.029866623339,0,0,0,0,1,0,0,0,0,0
233.009163412669,0,1,1,0,0,0,1,0,1,0
233.04552952382,1,0,0,1,0,0,1,0,0,1
235.02482248343,1,1,1,1,1,1,1,0,1,1
235.061203573925,0,1,1,1,1,1,1,0,1,1
235.097578928559,0,0,0,0,1,0,0,0,0,0
236.096197433397,0,0,0,0,0,0,0,0,1,0
237.004097825784,1,1,0,1,1,1,1,0,1,1
237.040483507492,1,1,1,1,1,1,1,0,1,1
237.076867410919,1,1,0,1,1,1,1,0,1,1
237.113244125764,0,0,0,1,0,0,0,0,0,0
239.01970562526,1,1,1,1,1,1,1,1,1,1
239.056102990688,1,1,1,1,1,1,1,1,1,1
241.035404817619,1,1,1,1,0,1,1,1,1,1
241.050647047561,1,0,0,0,0,0,1,0,0,0
242.067042011868,1,0,0,0,0,0,0,0,0,1
242.103397876007,0,0,0,1,0,0,0,0,0,0
243.029907328111,1,0,0,0,0,0,0,0,0,0
243.033294284009,1,0,0,0,1,0,0,1,1,1
243.171444942575,0,0,1,1,0,1,0,0,0,0
244.082677655809,0,0,0,0,0,0,0,0,1,0
245.03027998601,0,1,0,0,0,0,0,0,0,1
245.045538737483,0,1,0,0,0,0,0,0,0,1
245.114324215602,0,0,1,1,1,0,1,1,1,1
247.024814295629,1,1,1,1,1,1,1,0,1,1
247.028204403927,0,0,0,0,0,0,0,0,0,1
247.06117641442,1,0,1,1,0,1,1,0,1,0
247.097606587005,0,1,0,0,0,0,0,0,0,0
247.155135947595,0,0,0,0,0,0,0,0,1,1
247.939889960045,1,0,0,0,0,0,0,0,0,0
249.004086514732,1,1,0,1,0,1,1,0,1,1
249.040467863897,1,1,1,1,1,1,1,0,1,1
249.061625123278,0,0,0,0,0,0,0,0,0,1
249.076889830027,0,1,0,1,1,1,1,0,1,1
249.113254751525,0,0,0,0,1,0,0,0,0,0
251.01976940635,1,1,1,1,1,1,1,1,1,1
251.056133941414,1,1,1,1,1,1,1,1,1,1
251.07859958616,0,1,1,1,1,1,1,0,0,1
251.092496275315,1,1,0,1,1,1,1,0,1,1
251.113635791176,0,1,0,0,0,0,0,0,0,0
252.051393633391,1,1,0,0,0,0,0,0,0,0
252.99899212853,1,1,1,1,1,1,1,1,1,1
253.03538516246,1,1,1,1,1,1,1,1,1,1
253.075171351508,0,0,0,0,0,0,0,0,1,1
254.067040616627,0,0,0,0,0,0,0,0,0,1
254.095188057273,0,0,0,0,0,0,0,0,0,1
255.014665808967,1,0,0,0,0,1,1,0,0,1
255.062297216038,0,0,1,1,1,1,1,0,0,1
255.066322802143,0,0,0,0,0,0,1,0,0,0
255.069686139239,1,0,0,0,0,0,0,0,0,0
256.046262514969,0,0,0,0,0,0,0,0,1,0
257.030318065288,1,1,1,1,1,1,1,0,1,1
257.048912729196,1,0,1,1,1,1,1,1,1,1
258.09835108965,0,1,0,1,0,0,1,0,0,1
258.145973610707,0,0,1,0,0,0,0,0,0,0
259.009578823961,0,1,1,1,0,1,1,0,1,1
259.024846541681,1,1,1,1,1,1,1,0,1,1
259.09359254392,0,0,0,0,0,0,1,0,0,0
259.129974451967,1,1,1,1,1,1,1,1,1,1
261.004075995802,1,1,1,0,1,1,1,0,1,1
261.040499747034,0,1,1,1,1,1,0,0,1,1
261.076848305366,1,1,1,1,1,1,0,0,1,1
261.170778997831,0,0,0,0,0,0,0,0,1,1
261.955591546,1,1,1,1,0,0,0,0,0,0
262.031754900438,1,0,0,0,0,0,0,0,0,0
262.035708061689,1,0,0,0,0,0,0,0,0,0
263.019720608659,1,1,1,1,1,1,1,0,1,1
263.056162162984,1,1,1,1,1,1,1,0,1,1
263.092501343246,1,0,1,1,1,1,1,0,1,1
263.128918628623,0,1,0,1,1,1,1,0,1,1
263.165265369389,0,0,0,0,0,0,0,0,1,1
264.998978478457,1,1,1,1,1,1,1,0,1,1
264.999853704141,1,0,0,0,0,0,0,0,0,0
265.035416012644,1,1,1,1,1,1,1,1,1,1
265.07175654152,1,1,1,1,1,1,1,1,1,1
265.092915266048,1,0,1,1,0,0,0,0,0,0
265.108161078953,1,1,0,1,1,1,1,1,1,1
265.111551658498,0,0,0,0,0,0,0,0,1,0
265.143596269879,0,0,0,0,0,0,0,0,0,1
266.030602462601,0,0,0,0,0,1,1,0,1,1
266.067038262927,0,0,0,1,1,1,0,0,0,0
266.089479883299,0,1,1,1,1,1,1,1,1,1
266.994272940638,0,0,0,0,1,0,0,0,0,0
267.01468081692,1,1,1,1,1,1,1,0,1,1
267.051013014992,1,1,1,1,1,1,1,1,1,1
267.073503387235,1,1,1,1,1,1,1,1,1,1
268.046339522371,0,0,0,0,0,0,0,0,1,1
268.147089217097,0,0,0,0,0,0,0,0,0,1
269.030335719134,1,1,1,1,1,1,1,1,1,1
269.085344122802,1,0,0,0,0,0,0,0,0,0
269.121692324685,0,0,1,0,0,0,0,0,0,0
269.212206948243,0,1,1,0,1,1,1,0,0,1
270.061980946967,1,1,1,0,0,1,1,0,1,1
271.024834307558,0,1,0,0,0,0,0,0,0,0
271.06457499118,1,0,0,1,1,0,1,1,1,1
272.041246684907,0,1,0,0,0,0,0,0,0,1
272.161546866663,0,0,0,1,0,0,0,0,0,0
273.025225111973,0,1,0,1,1,1,0,0,0,1
273.040493461949,1,1,1,1,1,1,1,1,1,1
273.076885700268,0,0,0,0,1,0,1,0,0,0
274.035731587113,0,0,1,0,0,0,0,0,0,0
274.97106521367,0,0,0,0,0,0,0,0,0,1
275.005379282527,1,1,1,1,1,1,1,0,1,1
275.019686012876,1,1,1,1,1,1,1,1,1,1
275.040884998183,0,1,0,0,0,0,0,0,0,1
275.056123708709,1,1,1,1,1,1,1,0,1,1
275.092536767002,1,0,0,1,1,1,1,0,1,1
275.095894541533,0,0,0,1,1,0,0,0,0,1
275.128896904455,0,1,0,0,0,0,0,0,0,0
275.186391735762,0,0,0,1,0,0,0,0,1,0
276.015002590015,1,0,0,0,0,0,0,0,0,0
276.051339589193,0,0,0,1,0,0,0,0,0,0
276.99896902096,1,1,1,1,0,1,1,0,1,1
277.020980276143,1,1,1,1,1,1,1,0,1,1
277.035388091511,0,1,1,1,1,1,1,1,1,1
277.050112830188,0,0,0,0,0,1,0,0,0,0
277.056508728938,0,0,0,0,0,0,0,0,0,1
277.059631820522,1,1,1,1,1,1,1,1,1,1
277.071780747801,1,1,1,1,1,1,1,0,1,1
277.108133008574,1,1,0,1,1,1,1,1,1,1
277.155803904556,0,0,1,1,1,1,0,0,0,0
277.165648158515,0,0,0,0,0,0,0,0,1,0
277.167048767979,0,0,0,0,0,1,0,0,0,0
278.030586006734,0,0,1,1,0,0,0,0,0,1
278.062147391259,0,0,0,0,0,1,0,0,0,0
278.088258092345,0,0,1,0,0,0,0,0,0,0
279.014622292583,1,1,1,1,1,1,1,1,1,1
279.05103605999,1,1,0,1,1,1,1,1,1,1
279.051960905894,0,0,0,1,0,0,0,0,0,0
279.06634875781,0,1,1,0,0,1,0,0,0,0
279.098603709576,0,0,0,1,0,1,0,0,0,0
279.127133342822,1,0,0,0,0,0,0,0,1,0
279.135137862769,0,0,0,0,0,1,0,0,0,0
280.046300276918,0,1,1,1,0,0,0,0,0,1
280.060083430889,1,1,1,1,1,1,1,1,1,1
280.082702213768,0,1,0,1,0,0,1,0,0,0
280.993914325221,1,0,0,0,0,0,0,0,0,0
281.030306431672,1,1,1,1,1,1,1,1,1,1
281.077870250365,0,0,0,0,0,0,0,0,0,1
281.121740602362,0,0,0,0,0,1,0,0,0,0
281.142831239658,1,0,0,0,0,0,0,0,0,0
282.061888615183,0,0,0,0,0,0,1,0,1,1
282.084373284142,0,0,1,0,0,0,0,0,0,0
283.009605343612,1,1,1,1,0,0,0,0,1,1
283.04595745831,1,1,1,1,1,1,1,1,1,1
283.061168520033,0,0,0,1,0,0,0,0,0,0
283.06461189858,0,0,0,0,0,0,0,0,1,0
283.093543606912,0,0,0,0,0,0,0,0,0,1
283.100967866495,1,0,0,0,0,0,0,0,0,0
283.137346800078,1,0,1,0,0,1,0,0,1,1
284.04118864771,0,1,0,0,0,0,0,0,0,0
284.101809147047,1,0,0,0,0,0,0,0,0,0
284.937749340856,0,0,0,0,0,0,0,0,0,1
285.004091693502,1,0,0,0,0,0,0,0,0,0
285.025195022631,1,1,1,1,1,1,1,0,1,1
285.040424086902,1,1,1,1,1,1,1,0,1,1
285.074468900445,1,0,0,0,0,0,0,0,0,0
285.075760608859,0,0,0,0,0,0,0,1,0,0
285.076811975257,0,0,0,0,0,0,1,0,0,0
285.080182644273,1,0,0,0,0,0,0,0,1,1
285.116568006492,1,0,0,0,0,0,0,0,0,0
287.019652973634,1,1,0,1,0,1,1,1,1,1
287.02301987597,0,0,0,0,0,0,0,0,0,1
287.040868822099,1,1,1,1,1,1,1,0,1,1
287.055215643865,1,0,1,1,1,1,1,1,1,1
287.056056994507,1,1,1,0,0,0,1,0,1,1
287.059470846355,0,0,0,0,0,0,0,0,0,1
287.09249808681,0,0,0,0,0,0,0,0,1,1
288.051355434884,1,0,0,0,0,0,0,0,0,1
288.156510341019,0,0,1,0,0,0,1,0,0,0
289.035335238622,1,1,1,1,1,1,1,0,1,1
289.071733504922,1,1,1,1,1,1,1,0,1,1
289.075126885359,0,0,0,0,0,0,1,0,0,0
289.108143001339,0,1,0,1,1,0,0,0,1,1
290.103287785764,0,0,0,0,0,0,1,0,0,0
291.014598605754,1,1,1,1,1,1,1,1,1,1
291.025160145263,1,0,0,0,0,0,0,0,0,0
291.050985782488,1,1,1,1,1,1,1,1,1,1
291.054341506538,0,0,0,0,0,0,0,0,0,1
291.181316533473,0,0,0,0,0,0,0,0,1,0
292.009867999166,0,0,0,0,0,0,0,0,0,1
292.046219924199,0,0,0,1,1,0,1,0,1,0
292.059284227189,0,0,0,0,0,0,0,0,1,0
292.082602143204,0,0,0,0,0,0,0,0,0,1
292.993895352692,1,0,0,0,0,0,0,0,0,0
293.030316334653,1,1,1,1,1,1,1,1,1,1
293.066707280246,1,1,1,1,1,1,1,1,1,1
293.070069024992,0,0,0,0,0,0,0,0,1,0
293.114267381535,1,1,1,1,1,1,1,0,1,1
293.15064965365,0,0,1,0,0,0,1,0,0,0
294.02550264537,0,1,0,0,0,1,0,0,0,0
294.061871238235,0,0,0,1,1,0,1,0,1,1
295.00951132373,1,1,1,1,1,1,1,1,1,1
295.04590311567,1,1,1,1,1,1,1,1,1,1
295.137369757887,1,0,0,0,0,1,0,0,1,0
295.187456357015,1,1,0,0,1,1,1,0,0,1
295.19144189826,0,0,0,0,0,0,1,0,0,0
295.227829671269,0,0,0,0,0,0,1,0,0,0
296.041158658086,0,0,0,0,0,1,0,0,1,1
296.100059394463,0,0,0,0,1,0,0,0,0,0
296.178486531514,0,0,0,0,0,0,0,0,0,1
297.025193164039,1,1,1,1,1,1,1,1,1,1
297.038180576744,1,0,0,0,0,0,0,0,0,0
297.040481669324,0,0,0,0,0,0,0,0,1,0
297.089862170587,1,0,0,0,0,0,0,0,0,0
297.116608279898,1,0,0,0,0,0,0,0,0,0
297.158356173741,0,0,0,0,0,1,0,0,0,0
299.019723068594,0,0,0,1,0,0,0,0,0,1
299.034358368435,0,0,0,0,0,1,0,0,0,0
299.040885905944,1,1,1,1,1,1,1,1,1,1
299.053823265154,1,0,0,0,0,0,0,0,0,0
299.056107822858,0,0,0,1,0,1,1,0,0,0
299.095869094417,1,0,0,0,0,0,0,0,0,0
299.141917249727,0,1,0,0,0,0,0,0,0,0
300.014985988225,1,0,0,0,0,0,0,0,0,0
300.072452790186,1,1,1,0,1,0,0,0,1,1
300.181777473667,0,1,0,0,0,0,0,0,0,0
300.192899891053,0,0,0,1,0,0,0,0,0,0
301.020162643022,0,1,0,0,0,0,0,0,0,1
301.035341309197,1,1,1,1,1,1,1,0,1,1
301.071730761426,1,1,1,1,1,1,0,0,1,1
301.075081548419,1,0,0,0,0,0,0,0,0,0
301.084785218452,0,1,1,0,0,1,0,0,1,1
301.108118324192,0,0,0,0,0,0,1,0,0,0
301.157568702067,1,0,0,0,0,0,1,0,1,1
301.997179801391,0,0,0,0,0,1,0,0,0,0
302.030578792255,0,0,0,1,0,0,0,0,0,1
302.13574432609,0,0,0,1,0,1,0,0,0,0
302.172131462719,0,0,1,0,0,0,0,0,0,0
303.014615944586,1,1,1,1,1,1,1,1,1,1
303.035800609698,0,1,0,0,1,1,1,0,0,1
303.051014761484,1,1,0,1,1,1,1,0,1,1
303.062211673639,0,0,0,0,0,0,0,0,1,0
303.069521655947,0,0,0,0,0,0,1,0,0,0
303.087420249974,1,1,1,1,1,1,1,0,1,1
303.12381011849,1,1,0,1,0,0,0,0,0,1
303.173192746032,1,0,1,1,1,1,1,0,1,1
303.217659936381,0,1,1,1,1,1,1,0,0,1
304.00254759048,0,0,0,0,1,1,1,0,0,0
304.993861450993,1,1,0,0,1,0,0,0,0,1
305.030274203965,1,1,1,1,1,1,1,1,1,1
305.066654821895,1,1,1,1,1,1,1,1,1,1
305.103064603926,1,1,1,1,1,1,1,1,1,1
305.139456921456,1,0,1,1,0,1,1,0,1,1
306.025466421041,0,0,0,0,0,0,0,0,0,1
307.009519970076,1,1,1,1,1,1,1,0,1,1
307.024866189415,1,0,0,0,0,0,0,0,0,0
307.026168289049,0,1,0,0,1,1,1,0,1,1
307.045927506599,1,1,1,1,1,1,1,1,1,1
308.077605234938,0,1,0,1,1,1,1,0,1,1
308.989650608362,1,0,0,0,0,0,0,0,0,0
309.02518522443,1,1,1,1,1,1,1,1,1,1
309.040474758693,0,0,0,1,0,0,0,0,0,0
309.07282514098,0,0,0,0,0,0,0,0,1,1
309.101372678021,1,0,0,0,0,0,0,0,0,1
309.109211875195,1,0,1,1,1,0,0,0,0,0
309.119089199185,1,0,1,0,0,0,1,0,1,0
309.203141020639,0,0,0,0,1,0,0,1,0,1
310.056812798433,1,0,0,1,0,1,1,0,1,1
311.004431862722,1,0,0,0,0,1,0,0,0,0
311.019754816177,1,1,1,1,0,0,1,0,1,1
311.03033166046,0,0,0,0,0,0,0,0,1,0
311.040842997254,1,1,1,1,1,1,1,1,1,1
311.124861410318,0,0,0,0,0,0,1,0,0,0
311.13223291676,1,0,0,0,0,0,0,0,0,0
312.072550046252,1,1,1,0,0,1,1,0,1,1
312.130021952221,0,0,0,0,0,0,0,0,1,0
313.020089602638,1,1,1,1,0,1,1,0,1,1
313.035411054317,1,1,0,1,1,1,1,0,1,1
313.056500859105,1,1,1,1,1,1,1,1,1,1
313.06951459798,1,0,0,0,0,0,0,0,0,0
313.071784263219,0,0,0,0,0,0,0,0,1,1
313.108086928498,0,0,0,0,0,1,1,0,0,0
313.147853219841,1,0,0,0,0,0,0,0,0,0
313.172915189152,1,0,0,0,0,1,0,0,1,0
313.97635666675,0,1,0,0,0,0,0,0,0,0
315.014674019742,1,0,0,1,0,0,1,0,1,0
315.035765556434,1,1,1,1,1,1,1,1,1,1
315.051086379127,1,1,0,1,1,1,1,0,1,1
315.085149944066,1,0,0,0,0,0,0,0,0,0
315.087459716489,1,0,0,1,1,0,1,0,1,1
315.11975652484,0,0,1,0,0,0,0,0,1,0
315.123794914824,0,0,0,0,0,0,0,1,0,0
315.196537048815,0,0,0,1,0,1,0,0,1,1
316.046359633272,0,0,0,0,0,0,0,0,1,1
316.061617564017,0,0,0,0,0,1,0,0,0,0
316.067365306295,0,0,0,1,0,0,1,0,1,0
316.151388768487,1,1,1,1,1,1,1,0,1,1
316.993871388018,0,0,0,0,0,0,0,0,0,1
317.030261218142,1,1,1,1,1,1,1,1,1,1
317.051456086289,1,1,1,1,1,1,1,0,1,1
317.066687796083,1,1,1,1,1,1,1,0,1,1
317.103096216893,1,1,0,1,1,1,1,0,1,1
317.106432196148,0,0,0,0,0,0,0,0,1,0
317.212167373557,0,0,0,0,0,0,1,0,0,0
318.025564584703,0,1,0,0,1,0,0,0,0,0
318.0619396968,0,0,0,0,0,0,0,0,0,1
319.009596531152,1,1,1,1,1,1,1,0,1,1
319.045941232075,1,1,1,1,1,1,1,1,1,1
319.082295876229,1,1,1,1,1,1,1,1,1,1
319.118690232607,1,1,1,1,1,1,1,0,1,1
320.041198944159,0,1,0,0,0,0,0,1,0,0
320.07753794792,0,0,0,1,0,0,0,0,0,0
321.025154726554,1,1,1,1,1,1,1,1,1,1
321.061551978378,1,1,1,1,1,1,1,1,1,1
321.072788932209,0,0,0,0,0,0,0,0,0,1
321.082701125213,0,1,0,1,0,0,1,0,0,0
321.097982635803,1,1,1,1,1,1,1,1,1,1
321.174131092406,1,0,0,0,0,0,0,0,0,0
322.02051093619,0,0,1,0,0,0,0,0,0,0
322.09321764639,0,0,0,1,0,0,0,1,0,1
322.104516308777,0,0,0,0,0,0,0,0,1,0
322.187167160996,1,1,1,1,1,1,0,0,1,1
323.004428911665,1,1,1,1,1,1,1,0,1,1
323.040869446973,1,1,1,1,1,1,1,1,1,1
323.080668631531,1,0,0,0,0,0,0,0,0,0
323.16866461507,1,0,0,0,0,1,0,1,1,1
324.036066543692,0,1,0,0,0,0,0,0,1,0
324.072481239561,1,1,0,0,1,1,1,0,1,1
325.020080061909,1,1,1,1,1,1,1,1,1,1
325.035348450427,0,0,0,0,0,0,0,0,1,0
325.056517335562,1,1,1,1,1,1,1,1,1,1
325.147929172056,1,0,0,0,0,0,0,0,0,0
326.051772671994,0,0,0,0,1,1,0,0,1,1
327.014689708301,0,1,0,0,1,1,1,0,1,1
327.035717224585,1,1,1,1,1,1,1,1,1,1
327.048659304606,1,0,0,0,0,0,0,0,0,0
327.051027975317,1,1,0,1,1,1,1,0,0,1
327.087345024074,0,1,0,1,0,0,1,0,0,0
327.127116379932,1,0,0,0,0,0,0,0,0,0
327.188493868284,1,0,0,0,0,0,0,0,1,0
328.067429962418,1,0,0,1,1,0,1,0,1,1
328.151343467021,0,0,0,1,1,0,0,0,0,0
329.030222012527,1,1,1,1,1,1,1,1,1,1
329.051455290203,1,1,1,1,1,1,1,1,1,1
329.064445220314,1,0,0,0,0,0,0,0,0,0
329.066687502906,0,1,1,1,1,1,1,1,1,1
329.079723149283,0,1,1,0,0,1,1,0,0,1
329.112765808673,0,0,0,0,0,0,0,0,1,0
329.137234672067,0,0,1,0,0,0,0,0,0,0
329.142812221389,1,0,0,0,0,0,0,0,0,0
329.18298747086,0,0,1,0,0,0,0,0,0,0
330.061861167591,0,0,0,0,0,0,0,0,1,0
330.167007082931,1,1,1,1,1,1,1,1,1,1
330.203459960572,1,0,1,0,0,0,0,0,0,0
331.009541385231,1,1,1,1,1,1,1,0,1,1
331.030703384729,0,0,0,0,0,0,1,0,0,0
331.04599443956,1,1,1,1,1,1,1,0,1,1
331.082339553397,1,1,1,1,1,1,1,0,1,1
331.11864424628,1,1,0,1,1,1,1,0,1,1
331.122229278979,0,0,0,0,0,0,0,0,1,0
331.155074665797,1,1,1,0,0,1,1,0,1,1
331.19150873051,1,0,0,1,1,1,1,0,1,1
332.04123678914,0,0,0,0,0,0,0,0,0,1
332.146372028282,0,0,1,1,0,0,0,0,0,0
333.025203537804,1,1,1,1,1,1,1,1,1,1
333.061621279429,1,1,1,1,1,1,1,1,1,1
333.104194363749,0,0,1,0,0,0,0,0,0,0
333.13431589464,1,1,1,1,1,1,1,0,1,1
333.207151807676,1,1,0,1,1,1,1,0,1,1
334.056816773761,0,1,0,0,0,1,0,1,1,1
335.004429898644,1,1,1,1,1,1,1,0,1,1
335.040827177713,1,1,1,1,1,1,1,1,1,1
335.077281643427,1,1,1,1,1,1,1,1,1,1
335.088508902396,0,0,0,1,0,0,0,0,0,0
335.139421837703,0,0,0,1,0,0,0,0,0,0
335.207498452173,0,0,0,0,0,0,0,0,1,0
336.036019577986,0,0,0,1,0,0,0,0,1,1
336.072516720963,0,1,0,1,1,1,1,0,1,0
336.145208335093,0,0,1,0,0,0,1,0,0,0
336.208285264458,0,0,0,0,0,1,0,0,0,0
336.239137894681,0,0,1,0,0,0,0,0,0,0
337.00237062786,1,0,0,0,0,0,0,0,0,0
337.020135431421,1,1,1,1,1,1,1,1,1,1
337.056543872599,1,1,1,1,1,1,1,1,1,1
337.067780678479,0,0,0,0,1,0,0,0,0,1
337.104167557921,0,0,0,0,0,0,0,0,1,0
337.126873070649,0,1,0,0,0,0,0,0,0,0
337.184266280886,1,0,0,0,0,1,0,1,1,1
338.051699341556,1,0,0,0,0,1,1,0,1,1
338.051899407051,0,1,0,0,0,0,0,0,0,0
338.088107656659,1,0,0,1,1,1,1,0,1,1
339.014601425513,0,1,0,0,0,0,0,0,0,1
339.035826927654,1,1,1,1,1,1,1,1,1,1
339.048785586934,1,0,0,0,1,0,0,0,0,0
339.0510268291,0,0,0,0,1,0,0,0,0,0
339.059854857755,1,0,0,0,0,0,0,0,0,0
341.014976956191,1,1,0,1,0,1,1,0,0,1
341.030286778022,0,1,0,1,1,1,1,0,1,1
341.040987656425,0,1,0,0,0,0,0,0,0,0
341.051432806298,1,1,1,1,1,1,1,1,1,1
341.064382111794,1,0,0,0,0,0,0,0,0,0
341.066613639013,0,0,0,1,0,1,0,0,0,1
341.079710504834,1,0,0,0,0,0,0,0,1,1
341.099067967905,0,1,0,0,0,0,1,0,0,1
341.116083556712,0,1,1,0,0,1,1,0,1,1
341.142820338194,1,0,0,0,0,0,0,0,0,0
341.204180987506,0,0,0,0,0,0,0,0,1,0
342.167025057996,0,0,1,1,1,1,1,0,1,0
343.009524112467,1,0,0,1,1,1,1,0,1,1
343.030698713285,1,1,1,1,1,1,1,0,1,1
343.045930973354,1,1,1,1,1,1,1,0,1,1
343.058965226189,0,0,0,1,0,0,0,0,0,0
343.080121250137,1,0,0,0,0,0,0,0,0,0
343.082325259695,1,1,1,1,1,1,1,0,1,1
343.09954376398,0,0,0,0,0,0,0,0,1,0
343.116453535533,1,0,0,1,1,0,0,0,0,0
343.118642673311,0,0,0,0,0,1,1,0,0,1
343.155088353528,0,0,0,0,1,0,0,0,0,0
343.158478469459,1,0,0,0,0,0,0,0,0,0
343.198703463502,0,0,0,0,1,0,0,0,0,0
344.041244499855,0,0,0,0,1,1,0,0,1,0
344.113846400533,0,0,0,0,1,0,0,0,0,0
344.18266441874,0,0,1,1,1,1,0,0,1,1
345.025178166361,1,1,1,1,1,1,1,1,1,1
345.046318715642,1,1,1,1,1,1,1,1,1,1
345.061609991528,1,1,1,1,1,1,1,1,1,1
345.095728379067,1,0,1,0,0,0,0,0,0,0
345.097937172215,1,1,0,1,1,1,1,1,1,1
345.129650037211,1,0,0,0,0,0,0,0,0,0
345.134332592676,1,1,1,1,1,1,1,0,1,1
345.170766400863,1,1,1,1,1,1,1,1,1,1
345.177965934384,0,0,0,1,0,0,0,0,0,0
345.974933798153,0,0,1,0,1,0,0,1,0,0
346.03314724206,0,0,0,0,0,1,0,0,0,0
346.093237250505,0,1,0,0,0,0,0,0,0,0
346.129656277594,0,0,0,0,0,0,0,0,1,0
347.004527163191,1,1,1,1,1,1,1,0,1,1
347.025591183167,1,0,0,0,0,0,1,0,1,1
347.04083035272,1,1,1,1,1,1,1,1,1,1
347.062022130947,1,1,1,1,1,1,1,0,1,1
347.077228409431,1,1,1,1,1,1,1,1,1,1
347.080583482789,0,0,0,0,0,0,0,0,0,1
347.088522926829,0,0,0,1,0,1,0,0,0,0
347.113629831415,1,1,1,1,1,1,1,1,1,1
347.149943444748,1,1,1,1,1,1,1,1,1,1
348.05722735461,0,1,0,0,0,0,0,0,0,0
348.072413958191,1,1,1,1,1,1,1,0,1,1
348.108915300542,0,1,0,0,1,1,0,0,0,1
349.020115304537,1,1,1,1,1,1,1,1,1,1
349.056496668412,1,1,1,1,1,1,1,1,1,1
349.067767122898,0,0,0,0,0,0,1,0,0,0
349.077619349922,1,0,0,0,0,0,1,0,1,1
349.092918031447,1,1,1,1,1,1,1,0,1,1
349.169023346464,0,0,0,0,0,0,1,0,0,0
349.223146358014,0,0,0,0,0,0,0,0,1,0
350.051769709976,0,1,0,1,1,1,1,0,1,1
350.088142822738,0,1,0,0,1,1,1,0,1,1
350.185143712163,0,0,1,0,0,0,0,0,0,0
351.035766012244,1,1,1,1,1,1,1,1,1,1
351.046169770657,1,0,0,0,0,0,0,0,0,0
351.072138333567,1,1,1,1,1,1,1,1,1,1
351.108582655515,1,1,1,0,0,1,1,0,1,1
351.119883482489,0,0,0,0,0,0,1,0,0,0
351.136852424198,0,0,0,0,1,0,0,0,0,0
351.184682919914,1,0,0,0,0,0,0,0,0,1
352.067424420654,0,1,0,1,1,1,0,0,1,1
352.103742233992,0,1,0,1,1,1,1,0,1,1
352.164383941218,0,0,0,0,0,0,0,0,1,0
353.014935493477,1,1,1,1,1,1,1,1,1,1
353.030299683766,0,1,0,0,0,1,1,0,1,1
353.05141925999,1,1,1,1,1,1,1,1,1,1
353.099119056804,0,0,0,0,0,0,0,0,0,1
353.109925081187,0,0,0,0,0,0,1,0,0,0
353.142902031762,1,0,0,0,0,0,0,0,0,0
353.215649900355,0,0,0,0,0,1,0,1,1,1
354.046648344751,0,0,0,0,0,1,0,0,0,0
355.009577446281,1,1,1,1,1,1,1,1,1,1
355.030627188011,1,1,1,1,1,1,1,0,1,1
355.043513166716,1,0,0,0,0,0,0,0,0,0
355.045885027271,1,0,1,1,0,1,1,0,1,1
355.056574906363,0,0,0,0,0,0,0,0,0,1
355.095337681225,0,1,0,0,0,0,0,0,1,0
355.109944498164,0,1,1,0,0,0,0,0,0,0
355.158410308014,1,0,1,0,0,0,0,0,0,0
355.16811528018,1,1,1,1,0,1,1,0,1,1
356.062379115285,1,0,0,1,0,0,0,0,1,1
356.182767131936,0,0,0,0,1,0,0,0,0,0
357.025157978381,1,1,1,1,1,1,1,1,1,1
357.046380027556,1,1,1,1,1,1,1,1,1,1
357.059372106818,1,0,0,0,0,0,0,0,0,0
357.061639132,1,1,1,1,1,1,1,0,1,1
357.074642866779,0,0,0,0,0,0,0,0,1,1
357.095758160634,1,1,0,0,1,0,0,0,0,0
357.097951583257,0,1,0,0,1,0,0,0,1,0
357.134336575856,0,0,0,0,0,0,0,0,0,1
357.134535526039,0,0,0,0,0,0,1,0,0,0
357.137710503365,1,0,0,0,0,0,0,0,0,0
357.174148969742,1,0,0,0,0,0,0,0,0,0
357.214251336409,0,0,1,0,0,0,0,0,0,0
358.05461418809,0,0,0,1,0,0,0,0,0,0
358.056838867742,0,0,0,1,0,0,0,0,0,0
358.198353257738,1,1,1,1,1,1,1,1,1,1
358.253286074216,0,0,0,0,0,0,0,1,0,0
359.004410264481,1,1,0,0,0,0,1,0,0,1
359.040827605703,1,1,1,1,1,1,1,0,1,1
359.04417897517,0,1,0,0,0,0,0,0,0,0
359.053861397628,0,0,0,1,0,0,0,0,0,1
359.061939001258,1,1,1,1,1,1,1,1,1,1
359.075015225637,1,0,0,0,0,0,0,0,0,0
359.077232277101,1,1,1,1,1,1,1,0,1,1
359.087504847526,0,0,0,1,0,0,0,0,0,0
359.111377458472,0,0,1,0,0,0,0,0,0,0
359.113577261528,1,1,0,1,1,1,1,0,1,1
359.150035089665,1,0,0,1,1,0,1,0,1,1
359.193602610788,0,0,0,1,0,0,0,0,0,0
359.990579441568,0,0,0,1,1,0,1,0,0,0
360.141194320716,0,0,1,0,0,0,0,0,0,0
360.17765654334,0,0,1,1,1,1,0,1,1,0
361.020203202757,1,1,1,1,1,1,1,1,1,1
361.03141416872,0,0,1,1,0,0,0,0,0,1
361.0412320211,0,0,0,0,0,0,0,0,0,1
361.056450883082,1,1,1,1,1,1,1,1,1,1
361.065339786407,0,0,1,0,0,0,0,0,0,0
361.092917492873,1,1,1,1,1,1,1,1,1,1
361.124393076938,1,0,0,0,0,0,0,0,0,0
361.125196079781,0,0,0,1,0,0,0,0,0,0
361.129228263743,1,1,1,1,1,1,1,1,1,1
361.165636188115,0,1,0,1,1,1,1,1,1,1
362.088049958924,0,0,0,1,0,0,0,0,0,1
362.124565915271,1,0,0,0,1,0,0,0,0,1
362.999311367063,1,0,0,0,0,0,0,0,0,0
363.03578042413,1,1,1,1,1,1,1,1,1,1
363.072081802094,1,1,1,1,1,1,1,1,1,1
363.10858231203,1,1,1,1,1,1,1,1,1,1
363.221035679529,0,0,0,0,0,0,0,0,1,1
364.067358096948,0,1,0,1,1,1,1,0,1,1
364.10386330536,1,1,0,1,1,0,1,0,1,1
365.014999350136,1,1,1,1,1,1,1,1,1,1
365.036259089194,1,0,0,0,0,0,1,0,0,0
365.051447751813,1,1,1,1,1,1,1,1,1,1
365.056227057703,0,1,0,0,0,0,0,0,0,0
365.087779048533,1,1,1,1,1,1,1,1,1,1
366.04667879371,1,1,0,1,1,1,1,0,1,1
366.083006492122,0,1,1,1,1,1,1,1,1,1
366.180116546856,0,0,1,0,0,0,0,0,0,1
367.029280400029,0,0,0,1,1,0,0,0,0,0
367.030630584968,1,1,1,1,1,1,1,1,1,1
367.043643829669,1,0,0,0,0,0,0,0,0,0
367.045885767368,0,0,0,0,0,0,1,0,1,0
367.06706934349,1,1,1,1,1,1,1,1,1,1
367.078325988299,0,1,0,0,0,0,0,0,0,1
367.101137110549,0,0,0,0,0,0,0,1,0,1
367.158479928263,1,0,0,0,0,0,0,0,0,0
367.21599116063,1,0,0,0,0,0,0,1,0,0
367.231203934248,0,0,0,0,0,1,0,0,1,0
368.062279069239,1,1,1,1,1,1,1,0,0,1
368.06248574042,0,0,0,0,0,0,0,0,1,0
368.245433752689,0,0,0,0,0,0,1,0,0,0
369.009950139289,1,0,0,0,0,0,0,0,0,0
369.025206742976,1,1,0,1,1,1,1,0,1,1
369.046310964264,1,1,1,1,1,1,1,1,1,1
369.059261752731,1,0,0,0,0,0,0,0,0,0
369.061598175475,0,0,0,0,1,1,1,0,1,1
369.072212276688,0,0,0,0,1,0,0,1,0,0
369.097948752025,0,0,0,0,1,0,0,0,0,0
369.174090217447,1,0,0,0,0,0,0,0,0,0
370.056901292435,0,0,0,0,0,1,0,0,0,0
370.077967055023,1,1,1,1,0,1,0,0,1,1
370.130606874783,1,0,0,0,0,1,0,1,1,0
370.172217508453,0,0,0,0,0,1,0,0,0,0
371.025611478681,1,1,1,1,1,1,1,0,1,1
371.040880248302,1,1,1,1,1,1,1,0,1,1
371.051483688559,0,0,1,0,0,0,0,0,0,0
371.061971237483,1,1,1,1,1,1,1,1,1,1
371.074923048766,1,0,0,0,0,0,0,0,0,0
371.077218054152,1,1,0,1,1,1,1,0,1,1
371.090292370366,1,1,1,1,1,1,1,1,1,1
371.11361936982,1,0,0,0,1,0,0,0,1,0
371.15332141602,1,0,0,0,0,0,0,0,0,0
371.189744666485,1,0,0,0,0,0,0,0,0,0
371.229951513963,0,0,0,0,0,1,0,0,0,0
372.1946637148,0,0,0,0,1,0,0,0,0,0
372.21396446099,1,1,1,1,1,1,1,1,1,1
373.020100526779,1,1,1,1,1,1,1,1,1,1
373.041248932347,1,0,0,1,1,1,1,1,1,1
373.056476136202,1,1,1,1,1,1,1,0,1,1
373.069513595637,1,1,0,1,1,1,1,0,1,1
373.090608981369,1,0,0,0,0,0,0,0,0,0
373.092863986741,1,1,1,0,1,1,1,1,1,1
373.093063697891,0,0,0,1,0,0,0,0,0,0
373.127044142201,1,1,1,1,1,1,0,0,1,1
373.129236898477,0,1,0,1,1,1,0,0,1,1
373.165624489225,0,0,0,0,0,0,0,0,1,0
373.168986318557,1,0,0,0,0,0,0,0,0,0
373.172856160813,1,1,1,1,1,1,1,1,1,1
373.209226441057,0,0,1,0,0,0,0,0,0,0
374.088103383263,0,0,0,0,0,0,0,0,1,0
374.105285744607,0,0,0,1,0,0,0,0,0,0
374.156843108666,0,0,1,1,1,0,0,0,0,0
374.999547213639,0,1,1,0,0,1,1,0,0,1
375.035730095859,1,1,1,1,1,1,1,1,1,1
375.048792224413,0,0,0,0,0,0,0,1,0,0
375.056852029369,0,1,0,1,1,1,1,0,1,1
375.07214128479,1,1,1,1,1,1,1,1,1,1
375.140184008668,1,0,0,0,0,0,0,0,0,0
375.144928848733,1,1,1,1,1,1,1,1,1,1
375.181292203292,0,0,0,0,0,0,1,0,0,1
376.030997660808,0,0,1,0,0,0,1,0,1,1
376.0673825717,0,0,0,0,0,0,1,0,1,1
377.015073251635,1,1,1,1,1,1,1,0,1,1
377.025450749882,1,0,0,0,0,0,0,0,0,0
377.051396445684,1,1,1,1,1,1,1,1,1,1
377.062701328383,0,0,0,0,0,1,0,0,1,0
377.072546760135,0,0,0,1,0,1,0,0,1,1
377.087803190623,1,1,1,1,1,1,1,1,1,1
377.12417426497,1,1,1,1,1,1,1,1,1,1
377.135538949468,0,0,0,1,1,0,0,0,0,1
377.196945440299,0,1,0,0,1,1,1,0,1,1
378.046664944457,1,0,0,1,1,0,0,0,1,1
378.119416926561,1,1,1,1,0,0,0,0,0,0
379.030686112247,1,1,1,1,1,1,1,1,1,1
379.067076004777,1,1,1,1,1,1,1,1,1,1
379.078358857877,1,1,0,0,0,0,0,0,0,1
379.103451701591,1,1,1,1,1,1,1,1,1,1
379.106785488435,1,0,0,0,0,0,0,0,0,0
379.114785962032,0,0,0,0,0,1,0,0,0,0
380.062333798109,1,1,1,1,1,1,1,0,1,1
380.098706774837,0,1,0,0,1,1,1,1,1,1
380.989822018252,0,0,0,0,0,0,0,1,0,0
381.009899860409,1,0,1,1,0,0,0,0,0,1
381.025230355132,1,1,0,0,0,0,0,0,0,0
381.044988543549,0,0,1,0,0,0,0,0,0,0
381.04633893879,1,1,1,1,1,1,1,1,1,1
381.057604535333,0,1,0,0,0,0,0,0,0,0
381.05938916193,1,0,0,0,0,0,0,0,0,0
381.094016064472,1,1,0,0,0,1,0,0,0,1
381.103855167013,0,0,0,0,0,0,0,0,0,1
381.13042792231,0,0,0,0,0,0,1,0,0,0
381.147430924684,1,1,1,1,1,1,1,1,1,1
382.077997977155,1,1,1,1,1,1,0,0,1,1
383.004479939078,1,1,0,0,1,1,1,0,0,1
383.024267855133,0,0,0,0,0,0,0,1,0,0
383.025617753596,1,1,1,1,1,1,1,1,1,1
383.04086489292,1,1,1,1,1,1,0,0,1,0
383.041177787259,0,0,0,0,0,0,1,0,0,1
383.061973823269,1,1,1,1,1,1,1,1,1,1
383.077215054468,0,0,1,0,0,0,1,0,0,1
383.103053046772,1,0,0,0,0,1,0,0,0,0
383.12670158935,1,1,1,1,1,1,1,1,1,1
383.199426217271,0,0,0,0,1,0,0,0,0,0
384.057274292347,1,0,0,1,0,0,0,0,1,1
384.146249112676,1,0,0,0,0,0,0,1,1,0
384.179384954068,0,0,1,0,0,0,0,0,0,0
385.020158329479,1,1,1,1,1,1,1,0,1,1
385.023463724932,0,0,0,0,0,0,0,0,0,1
385.041247297459,1,1,1,1,1,1,1,1,1,1
385.054175855526,1,0,0,0,0,0,0,0,0,0
385.056500330622,1,1,1,1,1,1,1,0,1,1
385.090675567781,1,0,0,0,0,0,0,0,0,0
385.092903606989,1,1,0,0,1,0,1,0,1,1
385.125235444133,0,0,0,0,0,0,0,0,0,1
385.129225024818,0,0,0,0,0,0,1,0,0,0
385.169080911481,1,0,0,0,0,0,0,0,0,0
385.209244802773,0,0,1,0,0,0,0,0,0,0
386.072910516549,1,1,0,0,1,1,0,0,1,1
386.101193298459,0,0,0,0,0,0,0,0,0,1
386.143232959119,0,0,0,0,0,0,0,1,0,0
386.998422255355,0,0,1,0,0,0,0,0,0,0
386.999369561712,1,0,0,0,0,0,0,0,0,0
387.02107401316,0,0,0,0,0,0,0,0,0,1
387.035782330147,1,1,1,1,1,1,1,1,1,1
387.05692392994,1,1,1,1,1,1,1,1,1,1
387.069848738085,1,0,0,0,0,0,0,0,0,0
387.072164506515,1,1,1,1,1,1,1,1,1,1
387.081411667396,0,0,0,1,0,0,0,0,0,0
387.106308535077,1,0,0,0,0,1,0,0,0,0
387.108537109246,1,1,0,1,1,1,1,0,1,1
387.144925934392,1,1,1,1,1,1,1,0,1,1
387.18458809715,1,0,0,0,0,0,0,0,0,0
387.188485459668,1,1,1,1,1,1,1,1,1,1
387.191949641051,0,0,1,1,0,0,1,0,0,1
387.224879236409,1,0,0,1,0,0,0,0,0,0
388.031006807684,0,0,0,0,1,1,0,0,0,0
388.065094829314,1,0,0,0,0,0,0,0,0,0
388.067401602666,0,0,0,0,0,1,0,0,0,0
388.172501812849,0,0,1,1,1,1,0,0,0,0
389.015030630069,1,1,1,1,1,1,1,1,1,1
389.036187118955,0,1,0,0,0,0,0,0,0,1
389.051460675204,1,1,1,1,1,1,1,1,1,1
389.064479619368,1,1,1,0,1,1,1,0,1,1
389.072535459714,1,1,1,1,1,1,1,1,1,1
389.087797436197,1,1,1,1,1,1,1,1,1,1
389.124212180512,1,1,1,1,1,1,1,1,1,1
389.160577607689,1,1,1,1,1,1,1,1,1,1
389.196955886215,1,1,0,0,0,1,0,0,0,0
389.254669520785,0,0,0,1,0,0,0,0,0,0
390.046678420307,1,1,1,1,0,0,1,0,1,1
390.083049521284,0,1,0,0,1,1,0,0,1,1
390.170382463722,0,0,0,1,0,0,0,0,0,0
391.030658021836,1,1,1,1,1,1,1,1,1,1
391.067072181836,1,1,1,1,1,1,1,1,1,1
391.077315063634,0,0,0,0,1,0,0,0,0,0
391.078406632076,0,1,0,0,0,0,0,0,0,1
391.088192582606,0,1,1,1,1,1,1,0,1,1
391.103438396276,1,1,1,1,1,1,1,1,1,1
392.025922899671,0,0,0,0,0,1,0,0,0,0
392.098710946304,0,1,0,1,0,1,0,0,1,1
393.009908526357,1,1,1,1,1,1,1,0,1,1
393.046321803348,1,1,1,1,1,1,1,1,1,1
393.057649458912,0,0,0,0,0,0,0,0,0,1
393.05935778138,1,0,0,0,0,0,0,0,1,0
393.082686187308,1,1,1,1,1,1,1,1,1,1
393.086021660544,1,0,0,0,0,0,0,0,1,1
393.10380643394,0,0,0,0,0,0,0,0,0,1
393.147484333342,1,0,0,0,0,0,0,0,1,0
395.025553889637,1,1,1,1,1,1,1,1,1,1
395.061963644418,1,1,1,1,1,1,1,1,1,1
395.073230233383,0,0,0,0,0,0,0,0,0,1
395.12252055806,1,0,0,0,0,0,0,0,0,0
395.12667674729,0,0,1,1,0,1,0,0,0,0
395.129894918136,1,0,0,0,0,0,0,0,0,0
397.020146211942,0,1,0,0,1,1,1,0,1,1
397.041265486201,1,1,1,1,1,1,1,1,1,1
397.056500648576,0,0,0,1,0,1,1,0,1,1
397.088847663436,0,0,1,0,0,0,0,0,1,0
397.103636827025,0,0,0,0,0,0,0,0,0,1
397.138282637659,0,0,0,1,0,0,0,0,0,0
397.178689726966,1,0,1,0,1,1,0,0,0,1
398.015356719107,0,0,0,0,0,0,0,0,0,1
398.072884270867,1,1,0,0,0,1,0,0,1,1
398.16185831962,0,0,0,0,0,0,0,1,0,0
398.1738777488,0,0,0,0,0,0,1,0,0,0
398.999352647578,1,0,1,1,0,0,1,0,0,1
399.020519333603,1,0,0,0,0,0,1,0,0,0
399.035808130185,1,1,1,1,1,1,1,0,1,1
399.05689320288,1,1,1,1,1,1,1,1,1,1
399.069829010353,1,0,0,0,0,0,0,0,0,0
399.072129620395,0,1,0,1,0,0,1,0,1,1
399.085232204813,0,1,0,1,1,0,1,0,1,1
399.108556282225,0,0,0,1,0,0,0,0,1,1
400.030981046614,0,0,0,0,0,0,0,0,0,1
400.067401473303,0,0,0,0,0,0,1,0,0,0
401.014979762062,1,1,1,1,1,1,1,0,1,1
401.036083857302,1,1,1,1,0,1,1,0,1,1
401.051390989383,1,1,1,1,1,1,1,1,1,1
401.072530312219,1,1,1,1,1,1,1,1,1,1
401.085553839847,1,0,0,0,0,0,0,0,0,0
401.087773156696,1,1,1,1,1,1,1,0,1,1
401.097058483829,0,0,0,0,0,0,0,1,1,0
401.121879816856,1,0,1,0,0,0,0,0,0,0
401.124177379548,0,0,1,0,0,1,0,0,1,1
401.160573328797,0,0,0,0,0,1,0,0,0,1
401.204140080444,1,1,1,1,1,1,1,0,1,0
402.083032468898,0,0,0,1,0,1,0,0,0,0
402.083251352437,0,0,0,0,0,0,0,0,1,0
402.951213707731,0,0,0,0,0,0,1,0,0,0
403.030707164804,1,1,1,1,1,1,1,1,1,1
403.051806795172,1,1,1,1,1,1,1,0,1,1
403.067062072702,1,1,1,1,1,1,1,1,1,1
403.103422043992,1,1,1,1,1,1,1,1,1,1
403.137601432757,1,0,1,0,0,0,0,0,0,0
403.139842015822,1,1,1,1,1,1,1,1,1,1
403.176175926035,0,0,0,0,1,1,1,0,1,1
403.183382504284,0,0,1,1,1,1,0,1,0,0
403.194825272036,0,0,0,0,0,0,0,0,1,0
404.025930906062,0,0,1,0,0,0,1,0,0,0
404.062310890598,0,1,0,0,1,1,0,0,1,1
404.098720755726,0,0,0,0,0,0,1,0,0,0
404.940198008835,0,0,0,0,1,0,0,1,1,0
405.009876954188,1,0,1,0,0,0,0,0,0,0
405.046340646475,1,1,1,1,1,1,1,1,1,1
405.057593763382,0,0,0,0,0,0,0,0,0,1
405.059394742209,0,0,0,0,0,1,0,0,1,1
405.067459200353,0,0,0,0,0,0,0,0,1,1
405.082718505381,1,1,1,1,1,1,1,1,1,1
405.11909766238,1,1,1,1,1,1,1,1,1,1
405.155524006246,1,1,1,1,1,1,1,1,1,1
405.19186350397,0,1,0,1,1,1,1,0,1,1
406.041562058396,0,1,1,0,0,0,0,0,0,1
406.041775689555,0,0,0,0,0,1,0,0,0,0
406.077886690361,0,0,1,0,1,0,1,0,1,1
406.114330331801,0,1,0,1,0,0,1,0,0,1
407.025605080093,1,1,1,1,1,1,1,1,1,1
407.053223495766,1,0,0,0,0,0,0,0,0,0
407.061933456416,1,1,1,1,1,1,1,1,1,1
407.072462320483,1,0,0,0,0,0,0,0,0,0
407.073216869068,0,0,0,1,0,0,0,0,0,0
407.098352639308,1,1,1,1,1,1,1,1,1,1
407.109656731036,0,0,0,1,0,0,0,0,0,0
407.24720280056,0,0,0,0,0,0,0,0,1,0
408.92077070099,0,1,1,1,1,1,1,0,1,0
409.011775107349,0,0,0,0,0,1,0,0,0,0
409.020123427638,0,0,1,0,0,0,0,0,0,0
409.041236955638,1,1,1,1,1,1,1,1,1,1
409.056508695129,0,1,0,0,0,0,0,0,0,0
409.077642662221,1,1,1,1,1,1,1,1,1,1
409.088934555751,0,0,0,0,0,0,0,0,1,0
409.135232034838,0,0,0,0,0,0,0,0,0,1
409.144373286858,1,0,0,0,0,0,0,0,0,0
409.145644316173,1,0,0,0,0,0,0,0,0,0
409.147663428667,0,0,1,0,0,0,0,0,0,0
409.184466127031,1,0,0,0,0,0,0,0,0,0
409.262867816747,0,0,0,0,0,0,0,0,1,0
410.109275434405,1,0,1,1,1,1,1,0,1,1
411.018902656725,0,0,0,0,1,0,0,0,0,0
411.020499919382,1,0,1,1,0,1,1,0,1,1
411.035779178723,1,1,0,1,1,0,1,0,1,1
411.05684843153,1,1,1,1,1,1,1,1,1,1
411.069770654833,1,0,0,0,0,0,0,0,0,0
411.072113055642,0,0,0,1,0,0,0,0,0,0
411.090058672936,0,0,1,0,0,0,0,0,0,0
411.093245879104,1,1,1,1,1,1,1,1,1,1
411.104534455835,0,0,0,0,0,0,0,0,1,0
411.108593382561,0,1,0,0,0,0,0,0,0,0
411.121624831434,1,0,0,1,1,1,1,0,0,1
411.194358590618,0,0,0,0,0,0,0,0,0,1
411.326860590431,0,0,0,0,0,0,1,0,0,0
413.015002767033,1,1,1,1,1,1,0,0,0,1
413.036153513737,1,1,1,1,1,1,1,1,1,1
413.051437537845,1,1,1,1,1,1,1,1,1,1
413.070224593442,1,0,0,0,0,0,0,0,0,0
413.072567159976,1,1,1,1,1,1,1,1,1,1
413.085502911263,1,0,0,0,0,0,0,0,0,0
413.087845776984,0,0,0,0,0,1,1,0,0,1
413.124166336757,0,0,0,0,0,0,0,0,0,1
413.133185297715,0,0,0,0,0,0,1,0,0,0
413.201690110041,0,0,0,0,0,0,1,0,0,0
413.21001881107,1,0,0,0,0,0,0,0,0,0
414.04662430025,1,0,0,0,0,0,0,0,0,1
414.067764563139,0,0,0,0,0,0,0,0,0,1
414.168871599532,0,0,0,1,1,0,0,0,0,0
414.235795156206,0,0,1,0,0,0,0,0,0,0
415.03066599077,1,1,1,1,1,1,1,1,1,1
415.051805542468,1,1,1,1,1,1,1,1,1,1
415.06708997868,1,1,1,1,1,1,1,1,1,1
415.088163934559,1,1,1,1,1,1,1,1,1,1
415.101127749807,1,0,0,0,0,0,0,0,0,0
415.103422029856,1,1,1,1,1,1,1,0,1,1
415.137543773992,1,0,0,0,0,0,0,0,0,0
415.139800834592,1,1,0,1,0,1,1,0,1,1
415.140023906961,0,0,0,0,1,0,0,0,0,0
415.176191224311,0,0,0,0,0,0,0,0,0,1
415.219764365738,1,1,1,1,1,1,1,0,0,1
416.083437135951,0,0,0,0,1,1,0,0,0,1
417.009907310273,1,1,1,1,1,1,1,0,1,1
417.046308622419,1,1,1,1,1,1,1,1,1,1
417.059381531824,0,0,0,0,0,0,0,0,0,1
417.067450615392,1,1,1,0,1,1,1,1,1,1
417.082729755436,1,1,1,1,1,0,1,1,1,1
417.111798717423,1,0,0,0,0,0,0,0,0,0
417.116858860829,1,0,0,0,0,0,0,0,0,0
417.119104387758,1,1,0,1,1,1,1,1,1,1
417.155477299405,1,1,1,1,1,1,1,0,1,1
417.191921079964,0,0,0,0,0,0,0,0,1,0
417.199108069681,0,0,1,1,1,1,0,0,1,1
417.35042850303,0,1,0,0,0,0,0,0,0,0
418.041546729992,1,0,0,0,0,0,0,0,0,0
418.111962675032,1,0,0,0,0,0,0,0,0,0
419.02564989881,1,1,1,1,1,1,1,1,1,1
419.062000617374,1,1,1,1,1,1,1,1,1,1
419.08308517486,1,0,0,1,1,1,1,0,1,1
419.098346584978,1,1,1,1,1,1,1,1,1,1
419.134769001433,1,1,1,1,1,1,1,0,1,1
419.171121992706,1,1,1,1,1,1,1,1,1,1
419.207469957454,0,1,0,0,0,1,0,0,0,1
420.057215833137,0,1,1,0,1,1,1,0,1,1
420.093623263079,0,1,0,1,0,0,0,0,0,1
420.102516128845,0,0,0,0,1,0,0,0,0,0
420.202799063121,0,1,0,0,0,0,0,0,0,0
420.950809626186,0,0,1,0,0,0,0,1,0,0
421.041250402563,1,1,1,1,1,1,1,1,1,1
421.068870269898,1,0,0,0,0,0,0,0,0,0
421.077587970374,1,1,1,1,1,1,1,1,1,1
421.098398726137,0,0,0,0,0,0,0,0,1,0
421.114012814373,1,1,1,1,1,1,1,1,1,1
422.036545327231,0,0,1,0,0,0,0,0,1,0
422.072852486413,0,1,0,0,0,0,1,0,1,1
422.109253790084,0,0,0,0,0,0,1,0,1,1
422.239888537107,0,0,0,0,0,0,0,0,0,1
423.020523971512,1,1,1,1,1,1,1,0,1,1
423.035730455173,0,0,0,0,0,1,0,0,0,0
423.056912426131,1,1,1,1,1,1,1,1,1,1
423.069903957274,1,0,0,0,0,0,0,0,0,1
423.093256520067,1,1,1,1,1,1,1,1,1,1
423.158072465456,0,0,0,0,0,0,0,0,1,0
423.161356136234,1,0,0,0,0,0,0,0,0,0
423.194326901307,0,1,0,0,1,0,0,0,0,0
424.052157012636,0,1,0,0,0,0,0,0,0,0
424.088512699001,0,0,0,1,1,0,1,0,1,1
424.109945235513,0,1,0,0,0,0,0,0,0,0
424.164153286822,0,0,0,0,0,0,0,0,1,0
425.015056252318,0,0,0,0,0,0,0,0,0,1
425.036186438407,1,1,1,1,1,1,1,1,1,1
425.051445295092,0,1,0,1,0,0,1,0,1,1
425.072566890514,1,1,1,1,1,1,1,1,1,1
425.08562879894,1,0,0,0,0,0,0,0,0,0
425.103716455727,0,0,0,0,0,0,1,0,0,0
425.137290031914,1,1,0,0,1,0,0,0,1,1
425.173664486624,1,0,0,1,0,1,0,0,0,1
426.104212525782,0,0,1,1,1,1,1,0,1,1
427.03069297629,1,1,1,1,1,0,1,0,1,1
427.03096503412,0,0,0,0,0,1,0,0,0,0
427.051827179376,1,1,1,1,1,1,1,1,1,1
427.064721559598,1,0,0,0,0,0,0,0,0,0
427.067054986542,1,1,0,1,1,0,1,0,1,1
427.085894080309,1,0,0,0,0,0,0,1,1,0
427.088210321811,1,1,1,1,1,1,1,1,1,1
427.099467803416,0,0,0,0,0,0,0,0,0,1
427.101217319661,1,0,0,0,0,0,0,0,0,0
427.10221875768,0,0,0,0,0,1,0,0,0,0
427.103455527219,0,1,0,0,0,0,1,0,0,0
427.116532815171,1,1,1,1,1,1,1,0,1,1
427.119439470086,0,0,0,0,0,1,0,0,0,0
427.139868036945,0,0,0,1,0,0,0,0,0,0
427.152939196354,1,1,1,1,1,1,1,1,1,1
427.218457889825,0,1,0,1,0,0,0,0,0,0
428.083500651871,0,0,1,1,0,0,0,0,1,1
428.120152625011,0,1,0,0,0,0,0,0,0,0
429.009936239586,1,1,0,0,1,1,1,0,1,1
429.031048753195,1,1,0,1,0,1,1,0,1,1
429.04634935807,1,1,1,1,1,1,1,1,1,1
429.067478152054,1,1,1,1,1,1,1,1,1,1
429.080310605382,1,0,0,0,0,0,0,0,0,0
429.082780166243,1,1,1,1,1,1,1,1,1,1
429.093332582133,0,1,0,0,0,0,0,1,0,1
429.095806825482,0,0,0,1,1,1,1,0,1,1
429.116745220094,1,0,0,0,0,0,0,0,0,0
429.119070590131,1,0,0,1,1,1,1,0,1,1
429.128421414058,0,0,0,0,1,0,0,0,0,0
429.191908757431,0,0,0,0,0,0,1,0,1,1
429.199112673353,0,0,0,0,0,1,0,0,0,0
429.235474484795,1,1,1,1,1,1,1,0,1,0
430.078353835622,0,1,0,0,0,0,0,0,0,0
430.184785002191,0,0,0,0,1,0,0,0,0,0
430.19425159059,0,0,1,1,0,1,0,0,0,0
431.025608144845,1,1,1,1,1,1,1,1,1,1
431.046695359347,1,1,1,1,1,1,1,0,0,1
431.061989235377,1,1,1,1,1,1,1,1,1,1
431.075039973235,0,0,0,0,0,0,0,0,1,1
431.083112171686,1,1,1,1,1,1,1,1,1,1
431.098403029763,1,1,1,1,1,1,1,1,0,1
431.10774381659,0,0,0,0,1,0,0,0,0,0
431.126836679029,0,0,0,0,1,0,0,0,0,0
431.127567651724,1,0,0,0,0,0,0,0,0,0
431.132541922287,1,0,0,0,0,0,0,0,0,0
431.134790025813,1,1,1,1,1,1,1,1,1,1
431.166374486359,0,0,0,0,0,0,1,0,0,0
431.17112897083,0,1,0,1,1,1,1,0,1,1
431.178343087281,0,0,1,1,0,1,0,0,0,0
431.207552113338,0,0,0,0,0,1,1,0,0,0
431.214775341593,0,0,1,1,1,1,0,0,0,0
432.057258830204,0,1,0,1,0,0,1,0,1,1
432.09366795784,0,0,0,1,0,0,1,0,0,0
433.004806445734,0,1,0,0,0,1,0,0,0,0
433.041278715971,1,1,1,1,1,1,1,1,1,1
433.062408977395,0,0,0,0,0,1,0,0,0,1
433.062988322812,0,0,0,0,0,0,0,0,1,0
433.077685082233,1,1,1,1,1,1,1,1,1,1
433.098779211671,1,1,1,1,1,1,0,0,1,1
433.099054603799,0,0,0,0,0,0,1,0,0,0
433.109264203097,0,1,0,0,0,0,0,0,0,0
433.114024792418,1,1,1,1,1,1,1,1,1,1
433.150430202618,1,1,1,1,1,1,1,1,1,1
433.186850537169,1,1,1,1,1,1,1,1,1,1
433.309032004276,0,1,0,0,0,0,0,0,1,0
434.072887066175,1,1,0,1,0,0,1,0,0,1
435.020539260446,1,1,1,1,1,1,1,1,1,1
435.033301464094,1,0,0,0,0,0,0,0,0,0
435.056955274874,1,1,1,1,1,1,1,1,1,1
435.067171376951,1,0,0,0,0,0,0,0,0,0
435.068265237293,0,0,0,0,0,1,0,0,0,0
435.069975288849,0,0,1,0,0,0,0,0,1,1
435.084527364966,1,0,0,0,0,0,0,0,0,0
435.09330045953,1,1,1,1,1,1,1,1,1,1
435.12967326314,1,1,1,1,1,1,1,1,1,1
435.205610583181,1,0,0,0,0,0,0,0,0,0
435.233757369699,0,0,0,0,0,1,0,0,0,0
436.052157044089,1,1,0,1,0,1,1,0,0,1
436.052426816234,0,0,0,0,0,0,0,0,1,0
436.088535127009,0,1,0,1,0,1,1,0,1,1
436.124866262007,0,0,1,0,1,0,0,0,0,1
437.015044773202,0,0,0,0,0,0,0,0,0,1
437.036189125917,1,1,1,1,1,1,1,1,1,1
437.051494636163,0,0,0,0,0,0,0,0,0,1
437.072585458072,1,1,1,1,1,1,1,1,1,1
437.083847161762,0,0,0,0,0,0,0,0,0,1
437.108930056889,1,1,1,1,1,1,1,1,1,1
437.173693177255,0,1,1,1,0,0,0,0,1,0
438.067782590565,0,0,1,1,1,1,0,0,1,1
438.10419633434,0,1,0,0,1,1,1,0,1,1
438.140844883309,0,0,0,0,0,0,0,0,0,1
438.168861612832,0,0,0,0,0,0,0,0,0,1
438.179745950113,0,1,0,0,0,0,0,0,0,0
439.015468913104,1,1,0,1,0,0,0,0,1,1
439.030677157054,1,1,1,1,0,0,1,0,0,1
439.064683932815,1,0,0,0,0,0,0,0,0,0
439.085550399058,1,0,0,0,0,0,0,0,0,0
439.088161062818,1,1,1,1,1,1,1,1,1,1
439.273476009983,1,0,0,0,0,0,0,1,0,0
439.306708964265,0,1,0,0,0,0,0,0,0,0
440.062696570855,0,0,1,0,0,0,0,0,0,0
440.068395113544,0,1,0,0,0,0,0,0,0,0
440.119827379301,1,1,1,0,1,1,0,0,1,1
440.120122132839,0,0,0,0,0,0,1,0,0,0
440.214069022656,0,0,0,0,0,1,0,0,1,0
441.009921550864,1,0,0,1,0,0,0,0,0,0
441.031027668648,1,1,1,1,1,1,1,0,1,1
441.046330353718,1,1,1,1,1,1,1,1,1,1
441.067445217603,1,1,1,1,1,1,1,1,1,1
441.080407323752,1,0,0,0,0,0,0,0,0,0
441.082682517206,1,1,1,1,0,1,1,0,1,1
441.100760443617,0,0,0,1,0,0,0,0,0,0
441.101538331369,1,0,1,0,0,1,0,1,1,0
441.119161409272,0,0,0,0,0,1,0,0,0,1
441.128044415927,0,0,0,0,1,1,0,0,0,0
441.128324585433,0,0,0,1,0,0,0,0,0,0
441.129725298742,0,0,1,0,0,0,0,1,0,0
441.132181024161,1,1,1,1,1,1,1,1,1,1
441.135073472144,0,0,0,0,1,0,0,0,0,0
441.135570034611,0,0,0,0,0,0,1,0,1,0
441.164378520223,0,0,0,0,0,1,0,0,0,0
441.168546108283,1,1,1,1,1,1,1,1,1,1
441.204968766383,0,0,0,1,0,1,0,0,0,1
442.099084741158,0,0,1,0,0,1,1,0,1,1
443.025570050744,1,1,1,1,1,1,1,1,1,1
443.046693202057,1,1,1,1,1,1,1,1,1,1
443.06197252065,1,1,1,1,1,1,1,1,1,1
443.065319689049,1,0,0,0,0,0,0,0,0,0
443.075077305562,1,0,0,0,0,0,0,0,0,0
443.08312105635,1,1,1,1,1,1,1,1,1,1
443.096053918486,1,0,0,0,0,0,0,0,0,0
443.098414050448,1,1,1,1,1,0,1,1,1,1
443.098700578143,0,0,0,0,0,1,0,0,0,0
443.107702024465,0,0,0,0,0,0,0,0,1,0
443.132440327809,1,0,0,0,0,0,0,0,0,0
443.181805601353,0,0,0,0,0,0,0,1,0,0
443.251099249321,0,0,1,1,1,0,0,0,0,0
444.057210626203,0,0,0,1,0,0,0,0,1,1
444.209932863225,0,0,1,1,1,1,1,0,0,1
445.004901479082,0,0,0,0,1,0,0,0,0,0
445.041231611724,1,1,1,1,1,1,1,1,1,1
445.062314822367,1,1,1,1,0,1,1,0,1,1
445.062575890942,0,0,0,0,1,0,0,0,0,0
445.077648929997,1,1,1,1,1,1,1,1,1,1
445.089932099237,0,0,0,0,0,0,0,0,1,0
445.090703609108,1,0,0,1,0,0,0,0,0,1
445.098764302069,1,1,1,1,1,1,1,1,1,1
445.111789114897,1,0,0,0,0,0,0,0,0,0
445.114028424843,1,1,1,1,1,1,1,0,1,1
445.123391054332,0,0,0,1,0,0,0,0,0,0
445.123821122569,0,0,0,0,0,0,1,0,0,0
445.14318651717,1,0,0,0,0,0,0,0,0,0
445.148151570789,1,0,1,1,1,1,1,0,0,1
445.193953878212,0,0,1,1,0,0,0,0,1,0
445.223209854127,0,0,0,0,0,0,0,0,0,1
445.230368100921,0,1,1,1,1,1,0,0,0,0
446.072883599527,1,0,0,0,0,1,0,0,0,1
446.073171372248,0,0,0,0,1,0,0,0,0,0
446.106908847172,1,0,0,0,0,0,0,0,0,0
446.182188983144,0,0,0,0,0,1,0,0,0,0
447.020548321988,1,1,1,1,1,1,1,1,1,1
447.05691596879,1,1,1,1,1,1,1,1,1,1
447.069933569309,0,0,0,0,0,0,0,0,0,1
447.077981685558,1,1,0,1,0,1,1,0,1,1
447.09324777296,1,1,1,1,1,1,1,1,1,1
447.129676968486,1,1,1,1,1,1,1,1,1,1
447.202454273815,1,1,1,1,0,0,1,0,1,0
448.052094585768,0,0,0,0,0,1,1,0,1,0
448.161844591766,0,1,0,0,0,0,0,0,0,0
448.983472027455,0,0,0,0,0,0,0,0,0,1
449.036153802432,1,1,1,1,1,1,1,1,1,1
449.072543871549,1,1,1,1,1,1,1,1,1,1
449.108959458991,1,1,1,1,1,1,1,1,1,1
450.067749963758,0,0,0,0,1,0,0,0,1,1
451.015396248011,1,0,0,0,0,1,1,0,1,0
451.015724285694,0,0,0,1,0,0,0,0,0,1
451.051814909722,1,1,1,1,1,1,1,1,1,1
451.06708353084,0,0,0,0,0,1,0,0,0,0
451.088224866763,1,1,1,1,1,1,1,1,1,1
451.124612374534,1,1,1,1,1,1,1,1,1,1
451.182017308035,0,1,0,0,0,0,0,0,0,0
451.189282729289,0,0,0,0,1,0,0,0,0,0
452.083438595301,0,0,0,0,1,0,0,0,1,1
452.119830814652,0,1,0,0,0,0,1,0,0,1
452.120106671292,0,0,0,0,0,0,0,0,1,0
453.009942029613,0,0,0,0,0,0,0,0,0,1
453.031047454848,1,1,1,1,1,1,1,1,1,1
453.046284501615,1,0,0,1,0,0,0,0,0,1
453.056969946915,0,0,0,0,0,0,0,0,0,1
453.067431269955,1,1,1,1,1,1,1,1,1,1
453.08275069885,0,0,0,1,0,0,0,0,0,0
453.103879493075,1,1,1,1,1,1,1,1,1,1
453.168610789958,0,1,1,1,0,0,0,0,1,0
453.204946596811,0,0,1,0,0,0,0,0,1,0
454.099058620902,0,0,0,0,0,0,0,0,1,1
454.156897554735,0,0,0,1,0,0,0,0,0,0
455.025578379492,1,0,0,0,1,1,0,0,1,0
455.025919039701,0,0,0,0,0,0,0,0,0,1
455.046715100367,1,1,1,1,1,1,1,1,1,1
455.061988470262,1,0,0,1,0,1,1,0,1,1
455.07507753193,0,0,0,0,0,1,0,0,0,0
455.083066172065,1,1,1,1,1,1,1,1,1,1
455.096100690313,1,0,0,0,0,0,0,0,0,0
455.098305138936,0,1,0,0,1,0,0,0,0,0
455.098653775283,0,0,0,0,0,0,0,0,0,1
455.111453581766,0,1,0,0,0,0,0,0,0,0
455.115700271237,0,0,0,1,0,0,0,0,0,0
455.117150800095,0,0,0,0,0,0,0,1,0,0
455.145370292843,0,1,0,0,0,0,0,0,0,0
455.147865874753,1,1,1,0,1,1,1,1,1,1
455.220634643492,0,0,0,0,0,0,0,0,0,1
456.05729925993,0,1,0,0,0,0,0,0,0,0
456.142840869775,0,1,0,0,0,0,0,0,0,0
456.179459401493,0,0,0,0,0,0,0,0,0,1
456.208987109755,0,0,1,0,0,0,0,0,0,0
456.95950498231,0,0,0,0,1,0,0,0,0,0
457.041197798623,1,1,1,1,1,1,1,0,1,1
457.062313980676,1,1,1,1,1,1,1,1,1,1
457.077591558917,1,1,1,1,1,1,1,0,1,1
457.086900286118,0,0,0,0,0,1,0,0,0,0
457.098763730391,1,1,1,1,1,1,1,1,1,1
457.111711223521,1,0,0,0,0,0,0,0,0,0
457.114048644519,0,1,0,1,1,1,1,1,1,0
457.11431649393,0,0,0,0,0,0,0,0,0,1
457.122483878065,0,0,0,0,0,0,0,0,1,0
458.093972761662,0,1,0,0,0,1,0,0,0,1
458.225568277273,0,0,1,1,1,0,0,0,0,0
458.957571648701,0,0,0,0,1,0,0,0,0,0
459.020459619933,1,1,1,1,1,1,1,1,1,1
459.041590498912,0,0,0,0,0,0,0,0,1,1
459.041980313207,0,0,0,1,0,0,0,0,0,0
459.056886551281,1,1,1,1,1,1,1,1,1,1
459.07803100804,1,1,1,1,1,1,1,1,1,1
459.091029793953,1,0,0,0,0,0,0,0,0,0
459.093298769617,1,1,1,1,1,1,1,1,1,1
459.102601899248,0,0,0,0,0,0,1,0,0,0
459.103829698906,0,0,0,0,0,0,0,1,0,0
459.104093716778,0,0,1,0,0,0,0,0,0,0
459.127345732551,1,0,0,0,0,0,0,0,0,0
459.163784595839,1,0,0,0,0,0,0,0,0,0
459.209658245676,0,0,1,1,0,0,0,0,0,0
459.246044317094,0,0,1,1,1,1,0,0,1,0
460.052137564314,0,0,0,0,0,0,0,0,0,1
460.08851674376,0,0,0,0,0,0,0,0,1,0
460.122608210091,1,0,0,0,0,0,0,0,0,0
460.204846758655,0,0,1,0,0,0,0,0,0,0
461.036135966289,1,1,1,1,1,1,1,1,1,1
461.057257774604,0,0,0,0,0,0,0,0,0,1
461.072585278075,1,1,1,1,1,1,1,1,1,1
461.085594932414,1,0,0,0,0,0,0,0,0,0
461.093677267382,1,1,0,1,0,1,1,0,1,1
461.108943198435,1,1,1,1,1,1,1,1,0,1
461.109210094475,0,0,0,0,0,0,0,0,1,0
461.11860479441,0,0,0,0,0,0,1,0,0,0
461.145280607664,1,1,1,1,1,1,1,0,1,1
461.218087864382,0,1,0,0,1,0,0,0,0,1
462.06775311019,0,0,0,0,0,0,0,0,0,1
462.271223060556,0,0,0,0,0,0,1,0,0,0
463.0153806566,1,0,0,1,0,0,0,0,0,1
463.03647499259,1,0,0,0,0,0,1,0,1,1
463.051796648179,1,1,1,1,1,1,1,1,1,1
463.088237089778,1,1,1,1,1,1,1,1,1,1
463.109528549495,0,1,0,0,0,0,0,0,0,0
463.124640508137,1,1,1,1,1,1,1,0,1,1
463.146014464542,0,0,0,0,0,0,1,0,0,0
463.966833590392,0,1,0,0,0,0,0,0,0,0
463.998321992832,0,0,0,0,1,0,1,0,0,0
464.047062686499,0,0,0,0,0,0,0,0,0,1
464.083450108891,0,0,0,0,0,0,0,0,0,1
464.083733550057,0,0,0,0,0,1,0,0,0,0
465.023517909747,0,1,0,0,0,0,0,0,0,1
465.031077651473,1,1,1,1,1,1,0,1,1,1
465.031342361103,0,0,0,0,0,0,1,0,0,0
465.067432255195,1,1,1,1,1,1,1,1,1,1
465.078866010941,0,0,0,0,0,0,0,0,0,1
465.080451145576,1,0,0,0,0,0,0,0,0,0
465.103724532452,1,1,1,1,1,1,1,1,1,1
465.140219212629,1,1,0,1,1,1,1,1,1,1
466.062682062961,0,0,0,0,0,0,0,0,1,1
466.062997082592,0,0,0,0,0,0,1,0,0,0
466.098727885279,0,0,0,0,0,1,0,0,0,0
466.09944195021,0,0,0,0,0,0,0,0,1,0
466.120592711679,0,0,0,0,0,0,1,0,0,0
466.130282307027,0,1,0,0,0,0,0,0,0,0
467.025516219644,1,1,0,0,0,1,0,0,1,0
467.025961100232,0,0,0,0,0,0,0,1,0,0
467.046664879621,1,1,1,1,1,1,1,1,1,1
467.061940150565,0,0,0,0,0,1,0,0,0,0
467.083088723042,1,1,1,1,1,1,1,1,1,1
467.09614770225,1,0,0,0,0,0,0,0,0,0
467.114771268243,0,0,0,1,0,0,0,0,0,0
467.119488879741,1,1,1,1,1,1,1,1,1,1
467.150675447364,0,0,0,0,0,0,0,0,0,1
467.163863819359,0,0,0,1,1,0,1,0,1,0
468.091450135612,0,0,0,0,1,1,0,0,0,0
468.114758550199,0,0,0,1,0,1,0,0,1,1
468.151483875781,0,1,0,0,0,0,0,0,0,0
468.172468887984,0,0,0,0,0,0,0,0,1,1
468.18782286399,0,0,0,0,0,0,0,0,1,0
468.224210191629,0,0,0,0,0,0,1,0,0,0
468.245418210916,0,1,1,0,0,0,0,0,0,0
468.976343753232,1,0,0,0,0,0,0,0,0,0
469.004827809796,0,0,0,0,0,0,0,0,1,1
469.025955901074,1,0,1,0,0,1,1,0,1,1
469.041251120829,0,1,1,1,1,1,1,0,1,1
469.062391950278,1,1,1,1,1,1,1,1,1,1
469.077654866646,0,0,0,0,1,1,0,0,1,1
469.077974050814,0,0,0,0,0,0,1,0,0,0
469.098788737284,1,1,1,1,1,1,1,1,1,1
469.11179560357,1,0,0,0,0,0,0,0,0,0
469.123400117997,0,0,0,1,0,0,0,0,0,0
469.127129437497,0,0,0,0,0,1,0,0,0,1
469.159777439441,0,0,0,0,0,0,1,0,0,0
469.163470241374,1,1,1,0,1,1,1,0,0,1
469.166338138228,0,0,0,0,1,0,0,0,0,0
469.199879909172,1,1,1,0,0,1,1,0,0,1
470.093997587767,0,0,0,0,0,0,0,0,0,1
470.174148542149,0,0,0,0,0,0,0,0,1,0
470.188189472438,0,0,1,0,0,0,0,0,1,0
470.224582211408,1,0,0,0,0,0,0,0,0,0
470.225554732536,0,0,1,0,0,0,0,0,0,0
470.896799689726,1,0,0,0,0,0,0,0,0,0
471.020438898052,1,1,1,1,1,0,1,0,1,1
471.020836937529,0,0,0,0,0,1,0,0,0,0
471.041603467768,1,1,1,1,1,1,1,0,1,1
471.0568865953,1,1,1,1,1,1,1,0,1,1
471.078035727446,1,1,1,1,1,1,1,1,1,1
471.093294714313,1,1,1,1,1,1,1,0,1,1
471.102707330324,0,0,0,1,0,0,0,0,1,1
471.103841750038,0,1,0,0,0,0,0,0,0,0
471.10444394513,0,0,0,0,0,1,0,0,0,0
471.106379452438,0,0,0,1,0,0,0,0,0,0
471.114437648015,1,1,1,1,1,1,1,1,1,1
471.127405095891,1,0,0,0,0,0,0,0,0,0
471.129681131608,1,0,0,1,0,1,1,0,0,1
471.145902678368,0,1,0,0,0,0,0,0,0,0
471.166341558347,0,0,0,0,0,0,0,0,1,0
471.181992303387,0,0,0,0,1,0,0,0,1,0
472.052115276682,0,0,0,0,0,0,0,0,1,0
472.14085200384,0,0,0,0,0,0,0,0,0,1
472.241253127814,0,0,1,1,1,1,0,0,1,0
473.036115198747,1,1,1,1,1,1,1,1,1,1
473.057226077958,1,1,1,1,1,1,1,1,1,1
473.072512021629,1,1,1,1,1,1,1,0,1,1
473.085574637359,0,0,0,0,0,0,0,0,0,1
473.093654028881,1,1,1,1,1,1,1,1,1,1
473.10896169189,1,1,1,1,1,1,1,0,1,1
473.119457232251,0,0,1,0,0,1,0,0,0,0
473.143108794557,1,0,0,0,0,0,0,0,0,0
473.181653407115,0,0,0,1,0,1,1,0,0,1
473.181998316073,0,1,0,0,0,0,0,0,0,0
474.067713635561,0,0,0,1,0,0,0,0,1,0
474.13828447809,1,0,0,0,0,0,0,0,0,0
474.220479270808,0,0,1,1,1,0,0,0,0,0
474.271196941281,0,0,0,0,0,1,0,0,0,0
475.015507855632,1,0,0,1,0,0,0,0,1,1
475.015833869892,0,0,0,0,0,0,1,0,0,0
475.051847246304,1,1,1,1,1,1,1,1,1,1
475.070489882959,1,0,0,0,0,0,0,0,0,0
475.072925719294,1,1,0,1,1,1,1,0,1,1
475.088201185657,1,1,1,1,1,1,1,1,1,1
475.101225288726,0,0,1,0,0,0,0,0,1,1
475.109293900134,1,1,0,1,1,1,1,1,1,1
475.122332082801,1,0,0,0,0,0,0,0,0,0
475.124578091397,1,1,1,1,1,1,1,0,1,1
475.197358389296,1,1,0,1,1,1,1,0,1,1
475.204590776663,0,0,1,0,0,0,0,0,0,0
475.208680445048,0,0,0,0,0,0,0,1,0,0
475.233737842492,0,0,0,0,0,0,0,0,0,1
476.105026829659,0,0,0,0,0,0,0,0,0,1
476.286798497858,0,1,0,0,0,0,0,0,0,0
477.030996834805,1,1,1,1,1,1,1,0,0,1
477.031316690293,0,0,0,0,0,0,0,0,1,0
477.067440428582,1,1,1,1,1,1,1,1,1,1
477.103863774774,1,1,1,1,1,1,1,1,1,1
477.112511346023,0,0,0,0,0,0,1,0,0,0
477.124996649804,0,0,0,0,0,0,0,0,1,0
477.138056214656,0,0,1,0,0,0,0,0,0,0
477.140239441194,1,1,1,1,1,1,1,0,1,1
477.176911297294,0,0,0,0,0,0,0,0,1,0
477.213287080371,0,0,0,0,0,0,1,0,1,0
477.299475601517,0,0,0,0,0,1,0,0,0,0
478.062670181076,0,0,0,0,0,0,1,0,1,1
478.09909223933,0,1,0,0,0,0,0,0,1,0
479.046746846163,1,1,1,1,1,1,1,1,1,1
479.083137241405,1,1,1,1,1,1,1,1,1,1
479.119494456519,1,1,1,1,1,1,1,1,1,1
479.15156388707,1,0,0,0,0,0,0,0,0,0
480.078308154911,0,0,0,0,0,0,0,0,0,1
480.114768964084,0,1,0,0,0,1,0,0,0,0
480.13617916188,0,0,0,0,0,0,1,0,0,0
480.145920875884,0,1,0,0,0,0,0,0,0,0
481.025985276661,0,1,1,1,1,1,0,0,1,1
481.041230242308,0,0,0,1,0,0,0,0,0,0
481.062459861554,1,1,1,1,1,1,1,1,1,1
481.07763525685,0,0,0,0,0,0,1,0,0,0
481.078009327337,0,0,0,0,0,0,0,0,1,0
481.098759907666,1,1,1,1,1,1,1,1,1,1
481.129977388726,0,0,0,0,0,1,0,0,0,0
481.135836597357,0,0,0,0,0,1,0,0,1,0
481.199927209289,0,0,0,0,0,1,0,0,1,0
482.093989821932,0,0,0,0,0,0,0,0,0,1
483.020481024816,1,1,0,1,0,0,0,0,1,0
483.02072919879,0,0,0,0,0,0,0,0,0,1
483.040576247377,0,0,0,0,1,0,0,0,0,0
483.041725037218,1,1,1,1,0,1,1,1,1,1
483.056904723451,1,1,1,1,1,1,1,0,1,1
483.078054850357,1,1,1,1,1,1,1,1,1,1
483.093246321302,0,0,0,1,0,0,1,0,0,0
483.106385439294,0,0,0,0,0,0,0,0,0,1
483.114399192026,1,1,1,1,1,1,1,1,1,1
483.127382910016,1,0,0,0,0,0,0,0,1,0
483.134908177185,0,0,0,0,0,1,0,0,0,0
483.13898621516,0,0,0,0,1,0,0,0,0,0
483.150742610082,1,0,0,0,0,0,0,0,0,0
483.179104483164,0,0,0,0,1,0,0,0,0,0
483.18202064446,0,0,0,0,0,0,0,0,0,1
483.215529180731,0,0,0,0,1,0,0,0,1,1
484.166649865217,1,0,0,0,0,0,0,0,0,0
484.912430664887,0,0,0,1,0,0,1,0,0,0
485.036107791649,1,1,1,1,1,0,1,0,1,1
485.044853717926,0,0,0,0,0,0,0,0,1,0
485.057251926055,1,1,1,1,1,1,1,1,1,1
485.072546720618,1,1,1,1,1,1,1,0,0,1
485.072835364292,0,0,0,0,0,0,0,0,1,0
485.093702257776,1,1,1,1,1,1,1,1,1,1
485.108999924423,1,0,0,1,1,0,1,0,1,1
485.130125715282,1,1,1,1,1,1,1,1,1,1
485.142982223971,1,0,0,0,0,0,0,0,0,0
485.151231879122,0,1,1,0,1,1,0,0,0,0
485.151493888643,0,0,0,0,0,0,0,0,0,1
485.166388718212,0,1,0,0,0,0,0,0,0,0
486.102692525947,0,1,0,0,0,0,0,0,0,0
486.125275100548,0,1,0,0,0,1,0,0,0,1
486.125649860543,0,0,0,0,0,0,0,0,1,0
487.015408641207,0,0,0,0,0,0,1,0,0,1
487.036808521045,0,0,0,0,0,0,0,0,0,1
487.051808001915,1,1,1,1,1,1,1,1,1,1
487.072908385839,1,1,1,1,1,1,1,1,1,1
487.088158081193,1,1,1,1,1,1,1,1,1,1
487.101206544156,1,0,0,0,0,0,0,0,0,0
487.109268338757,1,1,1,1,1,1,1,0,1,1
487.122183956228,1,0,0,0,0,0,0,0,0,0
487.158643476419,1,0,0,0,0,0,0,0,0,0
487.160973136599,0,0,0,0,0,1,1,0,1,0
487.161281212096,0,0,0,0,0,0,0,0,0,1
487.208616254861,0,0,0,0,0,0,0,1,0,0
487.327885997212,0,0,0,0,0,0,0,0,1,0
488.046944488164,0,0,0,0,0,0,0,0,0,1
488.083395368889,0,0,0,0,0,0,0,0,0,1
488.154591818121,0,0,0,0,1,0,0,0,0,0
488.236099399069,0,0,1,1,0,0,0,0,0,0
488.236409987003,0,0,0,0,0,1,0,0,0,0
488.242004685863,0,0,0,0,1,0,0,0,0,0
489.030996211939,1,1,1,1,1,1,1,0,1,1
489.052143725416,0,0,0,0,0,0,1,0,0,1
489.067452353664,1,1,1,1,1,1,1,1,1,1
489.088590686027,0,1,1,1,1,0,0,0,1,1
489.088861877726,0,0,0,0,0,1,0,0,0,0
489.103909296539,1,1,1,1,1,1,1,0,1,1
489.112835897526,0,0,0,1,0,0,0,0,0,0
489.176638563852,1,0,0,1,1,1,1,0,0,1
489.176987250901,0,1,0,0,0,0,0,0,1,0
489.210218682575,0,0,0,0,1,0,0,0,0,0
490.062781402072,0,0,0,0,0,0,0,0,0,1
491.046731187286,1,1,1,1,1,1,1,1,1,1
491.083140362522,1,1,1,1,1,1,1,1,1,1
491.096136538615,0,0,0,1,0,0,0,0,0,0
491.119503011574,1,1,1,1,1,1,1,1,1,1
491.140848857869,0,0,0,0,0,0,0,0,0,1
491.159659400099,0,0,0,0,0,0,1,0,0,0
491.22867516802,0,1,1,1,0,1,1,0,1,1
491.228979475578,0,0,0,0,0,0,0,1,0,0
491.26504106326,0,1,0,0,0,0,0,0,0,0
492.078376261018,0,0,0,0,0,1,0,0,1,0
492.151078834575,0,0,0,0,0,0,0,0,0,1
492.183412600875,0,0,1,1,1,1,0,0,1,1
493.025983616207,1,0,1,0,1,1,1,0,1,1
493.062382400704,1,1,1,1,1,1,1,1,1,1
493.098754570284,1,1,1,1,1,1,1,1,1,1
493.135110438364,1,1,1,1,1,1,1,0,1,1
493.155660012472,0,0,0,0,0,1,0,0,0,0
493.166360347435,0,0,0,0,0,0,0,1,0,0
493.192830282249,0,0,0,1,0,0,0,0,0,0
493.211471727704,0,0,0,0,0,0,0,0,1,0
494.094396876968,0,0,0,0,0,0,0,0,0,1
494.130742544643,0,0,0,0,0,1,0,0,0,0
495.041686558027,1,1,1,1,1,1,1,1,1,1
495.056950854391,0,0,0,0,0,0,1,0,0,0
495.078065105915,1,1,1,1,1,1,1,1,1,1
495.114510570912,1,1,1,1,1,1,1,1,1,1
495.138612725744,0,0,0,0,0,0,0,0,1,0
495.150750770813,1,1,1,1,1,1,1,1,1,1
495.303532244717,0,0,0,0,0,1,0,1,1,0
496.255474078151,0,0,0,1,0,0,0,0,0,0
497.036093518702,1,0,1,1,0,1,1,0,1,1
497.05734784359,1,1,1,1,1,1,1,1,1,1
497.072516047067,0,1,0,1,1,1,0,0,1,1
497.09397655356,1,1,1,0,1,1,1,1,1,1
497.108964607511,0,0,0,0,0,0,0,0,0,1
497.130070607371,1,1,1,1,1,1,1,0,1,1
497.167518715547,1,0,0,0,0,0,0,0,0,0
497.194774990629,0,0,1,0,0,0,0,0,0,1
497.197599552235,0,0,1,0,0,0,0,0,0,0
498.183178383756,0,1,0,0,0,0,0,0,0,0
498.205471210678,0,0,0,0,0,0,0,0,1,0
498.271183586804,0,0,0,0,0,0,0,0,0,1
498.928040556679,0,0,1,1,1,0,1,1,0,0
498.928374632031,0,1,0,0,0,0,0,0,0,0
498.976614236327,0,0,0,0,0,0,0,0,1,0
499.015401905132,0,0,0,1,0,0,0,0,0,1
499.036578814028,1,0,0,0,0,1,0,0,0,1
499.036869192602,0,0,0,0,0,0,0,0,1,0
499.051774333812,1,1,1,1,1,1,1,0,1,1
499.060178065327,0,0,0,0,0,0,0,1,0,0
499.072959600259,1,1,1,1,1,1,1,1,1,1
499.088141354548,1,1,1,1,1,1,1,0,0,1
499.109314447884,1,1,1,1,1,1,1,1,1,1
499.122327590139,1,0,0,0,0,0,0,0,0,0
499.124592102431,0,0,0,1,0,1,1,0,1,1
499.133976515468,0,0,0,0,1,0,0,0,0,0
499.13524379618,0,0,1,0,0,0,0,0,0,0
499.158544974614,1,0,0,0,0,0,0,0,0,0
499.161055504782,0,0,0,0,0,0,0,0,0,1
499.171507833989,0,0,1,0,0,0,0,0,0,0
499.210871630161,0,1,0,0,0,0,0,0,0,0
500.205122544694,0,0,0,0,0,0,0,0,0,1
501.01483770365,0,0,0,0,1,0,0,0,0,0
501.03106140268,1,1,1,1,0,1,1,0,1,1
501.031373753156,0,0,0,0,1,0,0,0,0,0
501.052200820915,1,0,0,0,0,1,1,0,1,1
501.052514164273,0,1,0,1,0,0,0,0,0,0
501.088606320859,1,1,1,1,1,1,1,1,1,1
501.103888890623,1,1,1,1,1,0,1,0,1,1
501.104213666675,0,0,0,0,0,1,0,0,0,0
501.113231718745,0,0,0,0,0,0,1,0,0,1
501.116905878801,0,1,0,0,0,0,0,0,0,0
501.125303835069,0,0,0,0,0,0,0,0,0,1
501.137794554957,1,0,0,0,0,0,0,0,0,0
501.140256704485,0,1,1,1,0,1,1,0,1,1
501.150078420052,0,0,1,0,0,0,0,0,0,0
501.150757353948,0,0,0,0,0,0,0,1,0,0
501.161568362133,0,0,0,0,0,0,0,0,1,0
501.177027752355,0,0,0,0,0,0,0,0,0,1
501.187202847489,0,0,0,0,0,0,0,1,0,0
502.133242615787,1,0,0,0,0,0,0,0,0,0
502.148262083131,0,0,0,1,0,0,0,0,0,0
503.046717336616,1,1,1,1,1,1,1,1,0,1
503.047065255485,0,0,0,0,0,0,0,0,1,0
503.067808498324,1,0,0,1,0,1,1,0,0,1
503.083074265364,1,1,1,1,1,1,1,1,1,1
503.101818515518,1,0,0,0,0,0,0,0,0,0
503.104148413103,1,1,1,0,1,1,1,0,1,1
503.155855241389,1,1,1,1,1,1,1,1,1,1
503.166527132327,0,0,0,0,0,0,0,1,0,0
503.192671170158,0,0,0,0,0,0,0,0,1,0
503.196782540628,0,0,0,0,0,0,0,0,0,1
503.228671542493,1,0,0,0,0,0,0,0,0,1
503.228970556954,0,0,0,0,1,0,0,0,0,0
503.265020315065,0,0,0,0,0,0,0,0,0,1
503.322800604584,0,0,0,0,0,0,0,0,0,1
504.237569140846,0,0,0,1,0,0,0,0,0,0
505.025963885316,1,1,1,1,0,1,1,0,0,1
505.026310308071,0,0,0,0,0,0,0,0,1,0
505.062326760897,1,1,1,1,1,1,1,1,1,1
505.098755164621,1,1,1,1,1,1,1,1,1,1
505.111817312219,1,0,0,0,0,0,0,0,0,0
505.120222181051,0,0,0,0,0,0,0,0,0,1
505.15662127187,0,0,0,0,0,1,1,0,0,0
505.171599203241,1,1,1,1,0,1,1,0,1,1
505.175977697494,0,0,0,0,0,1,0,0,1,0
505.207993381835,1,1,1,1,1,1,1,0,1,1
505.20831879992,0,0,0,0,0,0,0,1,0,0
505.212442484431,0,0,0,0,0,0,0,0,0,1
505.244304863215,0,0,0,0,0,0,0,0,1,1
505.280918827498,0,0,0,0,0,0,0,0,1,0
506.0576940068,0,0,0,0,0,1,0,0,0,0
506.094038423319,0,0,0,0,0,0,0,0,0,1
506.094361060368,1,0,0,0,0,0,0,0,0,0
506.203180771424,0,0,0,1,0,0,0,0,0,1
506.297432670681,0,0,0,1,0,0,0,0,0,0
507.04157859973,1,1,1,1,1,0,1,0,1,1
507.041855113122,0,0,0,0,0,1,0,1,0,0
507.077975555733,1,1,1,1,1,1,1,1,1,1
507.086905617177,0,0,0,0,0,0,1,0,0,0
507.114407903151,1,1,1,1,1,1,1,1,1,1
507.135509543869,0,0,1,1,1,0,1,0,0,1
507.150820094279,1,1,1,1,1,1,1,1,1,1
507.260253091471,0,0,0,0,0,0,0,0,1,0
508.221727051697,0,1,0,0,0,0,0,0,0,0
509.020889719528,1,0,0,0,0,0,1,0,0,0
509.021200394398,0,0,0,0,0,0,0,0,0,1
509.057212796807,1,1,1,1,1,1,1,1,1,1
509.09362381931,1,1,1,1,1,1,1,1,1,1
509.118400474994,0,0,0,0,0,1,1,0,0,0
509.130039003205,1,1,1,1,1,1,1,1,1,1
509.19764969452,1,0,0,0,0,0,0,0,0,0
509.312193959387,0,0,0,0,0,0,0,0,1,1
510.101843350093,0,0,0,1,0,0,0,0,0,0
510.255911986787,0,1,0,0,0,1,0,0,0,0
511.036538803999,1,1,0,0,0,1,1,0,1,1
511.051789088305,0,1,0,0,0,1,0,0,0,1
511.072921729835,1,1,1,1,1,1,1,0,1,1
511.088165141738,0,0,0,0,0,1,0,0,0,1
511.109496775871,1,1,1,1,0,1,1,0,1,1
511.109910886937,0,0,0,0,1,0,0,0,0,0
511.122236877675,1,0,0,0,0,0,0,0,0,0
511.133909954653,0,0,0,0,0,0,1,0,0,0
511.145670376861,1,1,1,1,1,1,1,1,1,1
511.213349092646,0,0,1,0,0,0,0,0,0,0
512.20855304872,0,0,0,1,0,0,1,0,0,0
512.222209798023,0,0,1,0,0,0,0,0,0,0
512.250428854052,0,0,0,0,0,0,0,0,1,0
513.031092746033,0,1,1,1,0,1,0,0,0,1
513.031398448311,0,0,0,0,1,0,0,0,1,0
513.052276635131,1,1,1,1,1,0,1,0,1,1
513.067526701351,0,1,0,1,1,1,1,0,1,1
513.067834915964,1,0,0,0,0,0,0,0,0,0
513.087460110924,0,1,0,0,0,0,0,0,0,0
513.088783441711,1,0,1,1,0,1,0,1,1,1
513.089148632458,0,1,0,0,1,0,1,0,0,0
513.103860001498,0,0,0,0,0,0,0,0,0,1
513.124998295275,1,1,1,1,1,1,1,1,1,1
513.137909711856,1,0,0,0,0,0,0,0,0,0
513.14027760809,0,0,0,0,0,0,0,0,0,1
513.255360930236,1,0,0,0,0,0,0,0,0,0
513.263141158822,0,0,0,0,0,0,0,0,0,1
514.134017757548,0,0,0,0,0,0,0,0,0,1
514.187769039855,0,0,0,0,0,0,0,0,0,1
515.030430713632,0,1,0,0,1,0,0,0,1,0
515.04669611248,1,1,1,1,1,1,1,0,1,1
515.067828669369,1,1,1,1,1,1,1,0,1,1
515.083041057463,1,1,1,1,1,1,1,0,1,1
515.104136367836,1,1,1,1,1,1,0,0,1,1
515.104466017516,0,0,0,0,0,0,1,0,0,0
515.119477078585,1,1,0,1,1,1,1,0,1,1
515.132516202785,0,1,0,1,0,0,0,0,1,0
515.140554489655,0,1,1,1,1,1,0,0,1,1
515.140922721696,0,0,0,0,0,0,1,0,0,0
515.153580783964,1,0,0,0,0,0,0,0,0,0
515.155876543504,0,0,0,1,1,1,0,0,0,1
515.18999878078,1,0,0,0,0,0,0,0,0,0
515.20300460751,0,0,0,0,0,0,0,1,0,0
517.025898068989,1,0,0,1,0,1,0,0,0,1
517.06237978443,1,1,1,1,1,1,1,0,1,1
517.083491983177,1,0,1,1,1,0,0,0,1,1
517.083809189188,0,1,0,0,0,1,0,0,0,0
517.098805264074,1,1,1,1,1,1,1,1,1,1
517.111848324678,1,0,0,0,0,0,0,0,0,1
517.119869067928,0,1,0,0,0,0,0,0,1,1
517.135158131389,0,1,1,1,1,1,1,0,0,1
517.135513712498,0,0,0,0,0,0,0,0,1,0
517.156557576466,0,0,0,0,1,0,0,0,0,0
517.204566398188,0,1,0,0,0,0,0,0,0,0
517.207847673923,0,0,0,0,0,0,1,0,0,0
517.309021144966,1,1,1,1,1,1,1,1,1,1
517.338564335314,0,0,0,0,0,0,0,0,0,1
518.297467487157,0,1,0,0,0,0,0,0,1,0
519.041652782894,1,1,1,1,1,1,1,0,1,1
519.07801170116,1,1,1,1,1,1,1,1,1,1
519.12726300786,0,0,0,0,0,0,0,0,0,1
519.135351832058,0,0,0,1,0,0,0,0,0,1
519.1494089518,1,0,0,0,0,0,0,0,0,0
519.150761703309,0,1,0,1,1,1,1,0,1,1
519.172166256954,1,0,0,0,0,0,0,0,0,0
519.187429803675,0,0,0,0,0,1,0,0,0,0
519.223562589501,1,0,0,1,0,1,1,0,1,0
519.251921262022,0,0,0,1,0,0,1,0,0,0
519.259993714216,0,0,0,0,0,0,1,0,0,0
520.110356684784,0,0,0,0,0,1,0,0,0,0
520.255587298377,0,0,0,1,0,0,0,0,0,0
521.021283383855,0,0,0,0,0,0,0,0,0,1
521.057272470564,1,1,1,1,1,1,1,1,1,1
521.093602165006,1,1,1,1,1,1,1,0,1,1
521.129998918894,1,1,1,1,1,1,1,1,1,1
521.166424144345,1,1,0,1,0,1,1,0,1,1
521.197665246278,0,0,0,0,0,0,0,1,0,0
521.275944549376,1,0,0,0,0,0,0,0,0,0
522.234612354061,0,0,0,0,1,0,0,0,0,0
522.981808825857,0,0,0,0,0,0,0,1,0,0
523.015537460551,0,0,0,0,0,0,0,0,0,1
523.03659380884,1,1,0,0,1,0,1,0,0,1
523.03692926674,0,0,0,0,0,1,0,0,1,0
523.072914985378,1,1,1,1,1,1,1,1,1,1
523.109275597845,1,1,1,1,1,1,1,1,1,1
523.122292368373,1,0,0,0,0,0,0,0,0,0
523.145701405039,1,1,1,1,1,1,1,0,1,1
523.176431327484,0,0,1,0,0,0,0,0,0,0
523.255257606815,0,0,0,0,0,0,0,0,1,0
524.162386194931,0,0,0,0,0,1,0,0,0,0
524.198842740561,1,0,0,0,0,0,0,0,0,0
524.214214923345,0,0,0,0,0,0,1,0,0,0
524.23524916978,0,0,0,0,0,1,0,0,0,0
524.250517921318,0,0,0,0,1,1,0,0,0,0
525.031073265538,0,0,0,0,0,0,0,0,0,1
525.052219194952,1,1,1,1,1,1,1,0,1,1
525.067461069153,0,0,0,1,0,0,0,0,1,0
525.067796910025,0,0,0,0,0,0,0,0,0,1
525.08857213027,1,1,1,1,1,1,1,0,1,1
525.124907264948,1,1,1,1,1,1,1,0,1,1
525.137535517859,0,1,0,0,0,0,0,0,0,0
525.137979303416,1,0,0,0,0,0,0,0,0,0
525.143454084462,0,1,0,1,1,0,0,0,0,0
525.161649355339,0,0,0,0,0,0,1,0,0,0
525.171347292471,0,0,0,0,1,0,0,0,0,0
525.343539354457,0,0,0,0,0,0,0,1,0,0
526.25089715841,0,1,0,0,0,0,0,0,0,0
526.266177827098,0,0,0,1,1,0,1,0,0,0
527.04674680543,0,1,0,1,0,0,1,0,1,1
527.067865586642,1,1,0,1,1,1,1,0,0,1
527.068180159347,0,0,0,0,0,0,0,0,1,0
527.083097137213,0,1,1,0,0,1,0,0,0,1
527.08347135402,0,0,0,0,0,0,1,0,1,0
527.104274338509,1,1,1,1,1,1,1,0,1,1
527.11945406797,0,0,0,0,0,0,0,0,0,1
527.140572895663,1,0,1,1,0,1,1,0,1,1
527.140925274308,0,1,0,0,1,0,0,0,0,0
527.190163840802,0,1,0,0,0,0,0,0,0,0
527.227397390322,0,0,0,0,0,0,1,0,0,0
527.241752461835,1,1,1,1,0,1,0,0,0,1
527.242147723015,0,0,0,0,1,0,1,0,0,0
528.945026382322,0,0,0,0,1,1,1,0,0,0
529.025903778971,0,0,0,0,0,0,0,0,0,1
529.02621467277,0,0,0,1,0,0,0,0,0,0
529.02657154043,0,0,0,0,0,0,1,0,0,0
529.062299832448,0,1,0,1,0,1,1,0,1,1
529.083535766421,0,1,0,0,1,0,1,0,1,1
529.083905578313,0,0,0,0,0,1,0,0,0,0
529.098753879654,0,1,0,1,1,1,1,0,1,1
529.104682085051,1,0,0,0,0,0,0,0,0,0
529.119897752383,1,1,0,1,1,1,1,0,1,1
529.132945155078,1,0,0,0,0,0,0,0,0,0
529.135189881918,0,0,1,0,1,0,0,1,0,0
529.135509984456,0,0,0,0,0,0,0,0,0,1
529.14459494911,0,0,0,0,0,0,1,0,0,0
529.171551998087,0,0,0,0,1,0,0,0,0,0
529.171948658132,0,0,0,0,0,0,0,0,0,1
529.20552066593,1,0,0,0,0,0,0,0,0,0
529.293722435216,0,0,0,1,0,0,0,0,0,0
530.188295409489,0,0,0,0,0,0,0,0,0,1
530.216127484296,0,0,0,0,0,1,0,0,0,0
531.040680984878,0,1,0,0,0,0,0,0,0,0
531.041589439336,1,0,0,1,1,1,0,1,1,1
531.077934867201,1,1,1,1,1,1,1,0,1,1
531.098632949308,0,0,0,0,0,0,0,0,1,1
531.114362930057,0,1,1,1,1,1,1,0,1,1
531.135413834855,0,0,0,1,1,0,1,0,0,1
531.150779359846,1,1,0,1,1,1,0,0,0,1
531.15111277125,0,0,0,0,0,0,1,0,1,0
531.160206276384,0,0,0,0,0,0,0,1,0,0
531.172203787049,0,0,0,0,0,0,0,0,0,1
531.187180262532,0,0,0,1,0,1,0,0,1,1
531.228238610384,0,0,0,0,1,0,0,0,0,0
532.28347132717,0,1,0,0,0,0,0,0,0,0
533.057235915748,1,1,1,1,1,1,1,0,1,1
533.093693346248,1,1,1,1,1,1,1,0,1,1
533.13006477197,0,1,0,1,1,0,1,0,0,1
533.130384497941,0,0,0,0,0,1,0,0,1,0
533.151153973189,0,0,0,1,0,0,0,0,1,0
533.166784417069,0,0,0,0,0,1,0,0,0,0
533.202738019246,1,0,0,0,1,1,1,0,0,1
533.239114382747,0,0,0,0,0,0,0,0,1,1
533.260648253232,0,0,0,0,0,0,1,0,0,0
533.297012984923,1,0,0,0,0,0,0,0,0,0
534.183166336223,0,0,0,0,0,0,0,0,1,0
535.036588326371,1,1,1,1,0,0,1,0,0,1
535.036911405626,0,0,0,0,0,0,0,0,1,0
535.051639995206,0,0,0,0,0,0,0,0,0,1
535.072932531468,1,1,1,1,1,1,1,0,1,1
535.109272280562,1,1,1,1,1,1,0,0,1,1
535.109618712102,0,0,0,0,0,0,1,0,0,0
535.116593661032,0,0,1,0,0,0,0,0,0,0
535.121965781398,0,0,0,0,0,1,0,0,0,0
535.145603810094,0,1,0,1,1,1,1,0,1,1
535.154588038766,1,0,0,0,0,0,0,0,0,0
535.177060798205,1,0,0,0,0,0,0,0,0,0
535.182383317169,0,0,1,0,0,1,0,0,0,0
535.18270609193,0,0,0,0,0,0,0,1,0,0
535.253974458548,0,1,0,0,0,0,0,0,0,0
535.283242273416,0,0,1,0,0,0,0,0,0,0
536.162384746972,0,1,0,0,0,0,0,0,0,1
536.177369765356,0,0,0,0,0,0,1,0,0,0
536.308276922455,0,1,0,0,0,0,0,0,0,0
537.052150571382,1,1,1,1,1,1,1,0,1,1
537.088491135972,1,1,1,1,1,1,1,1,1,1
537.124886960659,1,1,1,1,1,1,1,0,1,1
537.161283803027,0,1,0,1,1,1,1,0,1,1
537.161621214465,1,0,0,0,0,0,0,0,0,0
537.191342074915,0,0,0,0,0,0,0,0,1,0
537.234517831065,0,0,0,0,0,0,0,0,0,1
537.307238697444,0,0,0,0,0,0,1,0,0,0
538.230256295514,0,1,0,0,0,0,0,0,0,0
539.046985557601,0,0,0,0,0,0,0,0,0,1
539.067755817262,1,0,1,1,1,1,0,0,1,1
539.068207270403,0,1,0,0,0,0,0,0,0,0
539.068538283548,0,0,0,0,0,0,1,0,0,0
539.10421112404,1,1,1,1,1,1,1,0,1,1
539.140611074365,1,1,1,1,1,1,1,0,1,1
539.15359592532,1,0,0,0,0,0,0,0,0,0
539.164939611023,0,0,0,0,1,0,0,0,0,0
539.169640909872,0,0,0,0,0,0,0,0,1,0
539.241728125521,0,0,0,0,0,0,1,0,0,0
539.243256222093,0,0,0,0,0,1,0,0,0,0
540.281787216893,0,0,0,0,0,0,1,0,0,0
541.0254401161,0,0,0,0,0,0,0,0,0,1
541.046983311245,1,0,0,1,0,1,0,0,0,1
541.047308797226,0,0,0,0,0,0,0,0,1,0
541.062277429977,0,0,0,1,1,1,1,0,0,1
541.083412417512,1,1,1,1,1,1,1,0,1,1
541.098301508191,0,0,0,0,0,0,0,0,0,1
541.119756751391,0,1,1,1,1,1,1,0,1,0
541.120127874135,0,0,0,0,0,0,0,0,0,1
541.144555130784,0,0,0,0,0,1,0,0,0,0
541.14821771545,1,0,0,0,1,0,0,0,0,1
541.156290989692,1,1,1,1,0,1,1,1,1,1
541.156642357317,0,0,0,0,1,0,0,0,0,0
541.222421782294,0,0,0,0,0,0,0,0,1,0
541.25835526494,0,0,0,0,0,0,1,0,0,0
541.373612151563,0,0,0,0,0,0,0,0,1,0
542.269163842959,0,0,0,0,0,0,1,0,0,0
542.305562869006,0,0,0,0,0,0,0,0,1,0
543.040872440742,0,0,0,0,0,0,0,0,1,0
543.041551698793,0,0,0,0,0,0,1,0,0,1
543.062659833082,0,1,0,0,0,0,0,0,1,0
543.063014907888,0,0,0,0,0,0,0,0,0,1
543.077910877582,1,1,0,1,0,1,1,0,1,1
543.098421324905,0,0,0,0,0,0,0,0,1,0
543.099102877781,0,1,0,1,0,1,1,0,0,1
543.099535921114,0,0,1,0,0,0,0,0,0,0
543.114339506008,0,0,0,1,0,0,1,0,0,1
543.13550696339,0,1,0,1,0,1,1,0,1,1
543.150762856758,0,0,0,0,0,0,0,0,0,1
543.17228843869,0,1,0,0,0,0,0,0,0,0
543.182094682492,0,0,0,0,0,0,0,0,1,0
543.184901239906,1,0,0,0,0,0,0,0,0,0
543.237072963022,0,0,1,0,0,0,0,0,0,0
544.143822851574,1,0,0,0,0,0,0,0,0,0
544.167443633379,0,1,0,0,0,0,0,0,0,0
545.057221515071,0,1,1,1,1,1,1,0,1,1
545.078398589647,0,0,0,0,0,0,0,0,0,1
545.093574600661,1,1,1,1,1,1,0,0,0,1
545.114709820859,0,0,0,0,1,0,0,0,0,1
545.130085022922,0,1,0,0,1,0,1,0,0,1
545.130548957878,0,0,0,1,0,1,0,0,1,0
545.142891857441,0,0,0,0,0,0,1,0,0,1
545.151403998219,0,0,0,1,0,0,0,0,0,0
545.166367836349,0,1,0,0,0,0,0,0,0,0
545.175357560444,0,0,0,1,0,0,0,0,0,0
545.187806026185,0,1,0,0,0,0,0,0,0,0
545.203212958913,0,0,0,0,1,0,0,0,1,0
546.159553417737,1,0,0,0,0,0,0,0,0,0
546.955588213506,0,0,0,0,0,0,1,0,0,0
547.036574595825,0,0,0,0,1,0,0,0,0,1
547.03691564542,0,0,0,0,0,0,0,0,1,0
547.072918355382,0,1,1,1,1,1,1,0,1,1
547.109330096018,0,1,1,1,1,1,1,0,1,1
547.145658517979,0,1,0,1,1,1,0,0,1,1
547.146026685178,0,0,0,0,0,0,1,0,0,0
547.167024085698,0,0,0,0,0,1,0,0,1,0
547.182024723414,0,0,1,0,0,1,1,0,0,1
547.182426104361,0,0,0,0,1,0,0,0,0,0
547.182864937196,0,1,0,0,0,0,0,0,0,0
547.203543327494,0,0,0,0,0,0,0,0,1,0
547.212199999398,0,0,0,0,0,0,1,0,0,0
547.215074876071,0,0,0,1,0,0,0,0,0,0
547.216225676544,0,0,1,0,0,0,0,0,0,0
547.218380960332,0,0,0,0,0,0,0,0,1,0
547.239926490042,0,0,0,0,0,0,0,0,1,0
547.254221110753,0,0,0,0,0,0,0,0,1,0
547.312762312657,0,1,0,0,0,0,1,0,0,0
548.104473194115,0,0,0,0,0,0,0,0,0,1
548.190843835109,0,0,0,0,0,0,1,0,0,1
548.209763470907,0,0,0,0,1,0,1,0,0,0
548.227215596402,0,0,0,0,0,0,0,0,1,0
548.308024707461,0,0,0,0,0,0,0,0,0,1
549.052070022191,0,0,0,1,1,1,1,0,0,0
549.052427478638,0,0,0,0,0,0,0,0,1,1
549.088601964518,1,1,1,1,1,1,1,1,1,1
549.124993058067,1,1,1,1,0,1,1,1,1,1
549.125329847944,0,0,0,0,1,0,0,0,0,0
549.138829460435,0,0,0,0,0,0,0,0,0,1
549.161352075043,0,1,1,1,1,1,1,0,1,1
549.197718145359,1,1,0,0,1,1,1,0,1,1
549.198097755106,0,0,0,1,0,0,0,0,0,0
549.270386589946,0,1,0,0,0,0,0,0,0,1
549.306745550488,0,0,0,1,1,0,0,0,0,0
550.120611952671,0,1,0,0,0,0,0,0,0,0
550.17838563917,0,1,0,0,0,0,0,0,0,0
551.031483392087,1,0,1,0,0,0,0,0,0,1
551.067824899559,1,1,1,1,0,1,1,0,1,1
551.068200357558,0,0,0,0,1,0,0,0,0,0
551.086425037468,1,0,0,0,0,0,0,0,0,0
551.104176596842,1,1,1,1,1,1,1,0,1,1
551.140497274384,1,1,1,1,1,0,0,0,1,1
551.140884351124,0,0,0,0,0,1,1,0,0,0
551.169727383637,0,0,0,0,0,0,0,0,1,0
551.176899158949,1,0,0,1,1,1,0,0,0,1
551.177231320732,0,1,0,0,0,0,0,0,1,0
553.046978980956,0,0,0,0,0,0,1,0,0,0
553.047357129056,0,0,0,0,0,0,0,0,0,1
553.061709960857,0,0,0,0,0,0,0,0,1,0
553.08348168985,0,1,1,1,1,1,1,1,1,1
553.119895288025,0,1,1,1,1,1,1,0,1,1
553.156267146222,1,1,1,1,1,1,1,0,0,1
553.156673144961,0,0,0,0,0,0,0,0,1,0
553.185183210081,0,0,0,0,0,0,0,0,0,1
553.19304220492,0,0,0,0,1,1,0,0,0,0
553.217271451689,0,1,0,0,1,0,0,0,0,0
553.222429993289,0,0,0,0,0,0,0,0,1,0
553.338430810208,0,0,0,0,0,1,1,0,0,0
554.188185854748,0,1,0,0,0,0,0,0,0,1
554.217738154724,0,0,0,0,0,0,0,0,1,0
554.260919793537,0,0,0,0,1,0,0,0,0,1
554.261317583538,0,0,0,0,0,0,1,0,1,0
554.282220683997,0,1,0,0,0,0,0,0,0,0
554.574104391308,0,0,1,0,0,0,0,1,0,0
555.041693201824,0,0,0,1,0,0,0,0,0,1
555.062816436573,1,1,0,0,0,1,1,0,1,1
555.078037085317,0,1,0,0,0,0,1,0,0,1
555.07842926891,0,0,0,0,0,0,0,0,1,0
555.099165292473,1,1,1,1,1,1,1,0,1,1
555.114368849695,0,1,0,0,0,0,0,0,0,0
555.135525969341,1,1,0,1,1,1,1,0,1,1
555.184793324385,1,0,0,0,0,0,1,0,0,0
555.19645037321,0,0,0,1,0,0,0,0,0,0
555.199341232486,0,0,0,0,0,0,0,0,0,1
555.20018946919,1,0,0,0,0,0,0,0,0,0
555.200978579668,0,0,0,0,0,1,0,0,0,0
555.2014290219,0,1,0,0,0,0,0,0,0,0
555.236556867056,0,1,0,1,0,1,1,0,1,1
555.273040456903,0,0,0,1,0,0,0,0,0,0
555.274051995112,0,0,0,0,0,1,1,0,0,0
556.131189874146,1,0,0,0,0,0,0,0,0,0
556.161492862362,0,0,0,0,0,0,1,0,0,0
556.21124800275,0,0,0,0,0,0,0,0,0,1
556.321193471105,0,0,0,1,0,0,0,0,0,0
557.057240413625,0,1,1,0,1,1,1,0,0,1
557.057760183043,0,0,0,1,0,0,0,0,0,0
557.078391081309,0,0,0,0,0,1,1,0,1,1
557.078795470398,0,0,0,0,1,0,0,0,0,0
557.093001083514,0,0,0,0,0,1,0,0,0,0
557.093603268053,0,1,0,0,1,0,1,0,0,0
557.115033809027,0,1,0,0,0,0,0,0,0,0
557.129904739714,0,0,0,1,0,0,0,0,1,0
557.130298075599,0,0,0,0,0,0,0,0,0,1
557.142982457625,1,0,0,0,0,0,0,0,0,0
557.151079586917,0,1,1,0,1,1,1,0,0,1
557.151509568276,0,0,0,0,0,0,0,0,1,0
557.166402706215,0,0,0,0,0,0,0,0,1,0
557.216322088862,0,0,1,0,0,1,0,0,0,0
557.369827469187,0,1,0,0,0,0,0,0,0,0
558.210979199257,0,1,0,0,0,0,0,0,0,0
558.894460391602,0,0,1,0,0,0,1,0,0,0
559.036481858031,0,1,0,0,0,0,0,0,0,1
559.07279705335,1,1,1,1,0,0,1,0,1,1
559.073141861013,0,0,0,0,1,1,0,0,0,0
559.093923308906,0,1,0,0,1,0,0,0,0,1
559.094332073959,0,0,0,1,0,0,0,0,0,0
559.109286935343,0,1,1,0,0,1,0,0,1,1
559.109734718332,0,0,0,1,0,0,0,0,0,0
559.130321758278,0,0,0,0,0,0,0,0,0,1
559.145625230242,1,0,0,1,0,0,0,0,0,1
559.146038244505,0,0,0,0,0,0,0,0,1,0
559.16669793689,0,1,0,1,0,0,1,0,0,1
559.167599136074,0,0,0,0,0,1,0,0,0,0
559.182030391695,0,1,0,0,0,1,0,0,0,1
559.190579086066,0,0,0,0,0,0,0,0,0,1
559.227937531873,0,0,0,0,0,0,0,0,1,0
559.258324890101,0,0,0,0,0,1,0,0,0,0
559.268346994232,0,0,0,0,0,0,0,0,1,0
559.330923512006,0,0,0,0,0,0,0,0,0,1
559.349081744914,0,0,0,0,0,0,1,0,0,0
560.227264205088,0,0,0,1,0,0,0,0,0,0
560.940144340234,1,0,0,0,0,0,0,0,0,0
561.052101033648,0,0,0,1,1,1,0,0,1,1
561.088500812772,0,1,1,1,1,1,1,0,1,0
561.088855265007,0,0,0,0,0,0,0,0,0,1
561.124879368112,1,1,0,0,0,1,1,0,0,1
561.125256805291,0,0,1,1,0,0,0,0,1,0
561.16134550744,1,0,0,0,0,0,0,0,1,1
561.161792076333,0,0,0,0,1,0,1,0,0,0
561.198113123894,0,1,0,0,0,0,1,0,0,0
561.232441385883,0,1,0,0,0,0,0,0,0,0
561.23441404483,0,0,0,0,0,1,0,0,0,0
561.328627060388,0,0,0,0,0,0,0,0,0,1
562.242907790521,0,0,0,0,0,1,0,0,1,0
562.323628182859,0,1,0,0,0,0,0,0,0,0
563.067769944772,1,1,1,1,1,1,1,0,1,1
563.078612147566,0,0,0,0,0,0,0,1,0,0
563.104226089899,1,1,0,1,1,1,1,0,1,1
563.140593599225,0,0,0,1,0,0,1,0,0,1
563.141050967253,0,1,0,0,1,0,0,0,1,0
563.177009598755,1,0,0,1,0,0,1,0,1,0
563.177393139531,0,0,0,0,0,0,0,0,0,1
563.17778173633,0,1,0,0,0,0,0,0,0,0
563.198421858658,0,0,0,0,1,0,0,0,0,0
563.213380737202,0,0,0,1,0,1,1,0,1,1
563.217867855747,0,0,0,1,0,0,0,0,0,0
563.248993864623,0,0,1,0,0,0,0,0,1,0
563.249757035935,0,0,0,1,0,0,0,0,0,0
563.250140297004,0,1,0,0,0,1,0,0,0,0
563.271246856932,0,0,0,0,1,0,0,0,0,0
564.099330102912,0,0,0,0,0,0,0,0,1,0
564.25857895943,0,1,0,0,0,0,0,0,0,1
564.303007195311,0,0,0,0,0,0,1,0,0,0
565.046060122838,0,0,0,0,0,0,0,0,1,0
565.047443680854,0,0,0,0,0,0,0,0,0,1
565.082918739795,0,0,0,0,0,0,0,0,1,0
565.083451964235,1,1,1,1,0,1,1,0,0,1
565.083845949052,0,0,0,0,1,0,0,0,0,0
565.119779890364,1,1,0,1,1,1,1,0,0,1
565.120186587007,0,0,1,0,0,0,0,0,1,0
565.156203136489,0,1,1,1,0,0,1,0,1,1
565.156613955264,0,0,0,0,1,1,0,0,0,0
565.192650609653,1,1,0,1,1,1,1,0,1,1
565.232909485145,0,0,0,0,0,1,0,0,0,0
565.265827766434,0,0,0,0,0,1,1,0,0,0
565.302154850888,0,0,0,0,0,0,0,1,0,0
565.338515921435,0,1,0,0,0,0,0,0,1,0
565.338975447927,0,0,0,0,0,0,1,0,0,0
566.274221164417,0,0,0,1,0,0,0,0,0,0
566.282311770111,0,0,0,1,1,0,0,0,0,0
566.297667702526,0,0,0,0,1,0,0,0,0,0
566.318560958473,0,0,0,1,0,0,0,0,0,0
567.041862694731,0,0,0,0,0,0,0,0,0,1
567.062669499159,0,1,1,1,1,0,1,0,1,1
567.099035069083,1,0,0,1,1,1,1,0,0,1
567.099457309719,0,1,1,0,0,0,0,0,1,0
567.135397032383,0,1,0,1,1,1,1,0,0,1
567.135802114079,0,0,0,0,0,0,0,0,1,0
567.170991907902,0,0,0,0,0,1,0,0,0,0
567.171811167644,0,1,0,1,1,0,0,1,1,1
567.200176224462,0,0,0,0,0,0,1,0,0,0
567.201272630778,0,0,0,0,0,1,0,0,0,0
567.201707322914,0,0,0,0,1,0,0,0,0,0
567.202500812226,0,0,1,0,0,0,0,0,0,0
567.274543772156,0,0,0,0,0,1,0,0,0,0
568.234675050921,0,0,0,1,0,0,0,0,0,0
568.240229900947,0,0,0,0,0,0,1,0,0,0
568.24062938985,0,0,0,0,0,0,0,0,1,0
568.247253907585,0,0,0,0,1,0,0,0,0,0
568.313194113888,0,0,0,0,0,0,1,0,0,0
569.057335213629,0,0,0,0,1,0,0,0,0,0
569.057745042173,0,0,0,0,0,0,0,0,0,1
569.07846230702,1,0,0,1,1,1,0,0,1,1
569.078889456418,0,1,0,0,0,0,0,0,0,0
569.094050062834,0,0,0,0,0,0,0,0,0,1
569.114776830808,0,1,1,1,1,1,0,1,1,1
569.115162463876,0,0,0,0,0,0,1,0,0,0
569.143022934166,0,0,0,0,0,0,1,0,0,0
569.151143735161,0,1,0,1,0,1,1,0,0,1
569.151534001495,0,0,0,0,0,0,0,0,1,0
569.179400145612,0,0,1,0,0,0,0,0,0,0
569.214923215076,0,0,0,0,0,0,1,0,0,0
569.216602907594,1,0,0,0,1,1,0,0,0,0
569.218127977902,0,0,0,0,0,0,0,1,0,0
569.22419607796,0,0,0,0,0,0,0,0,1,0
569.369902188117,0,0,0,0,0,1,0,0,0,1
570.17758070392,0,0,0,1,0,0,0,0,0,0
570.219520319525,0,0,0,0,0,1,1,1,0,0
570.25591247252,0,0,0,0,0,0,0,0,1,0
570.2922599646,0,0,0,0,0,0,0,0,1,0
571.05762640199,0,0,0,0,0,0,0,0,0,1
571.072839690259,1,1,0,1,1,1,0,0,0,1
571.07321604997,0,0,1,0,0,0,0,0,0,0
571.094039894944,0,0,1,1,1,0,1,0,1,1
571.094541833188,0,0,0,0,0,1,0,0,0,0
571.109392449363,0,0,0,0,0,0,1,0,0,1
571.109774996283,0,0,0,1,0,1,0,0,0,0
571.122309687977,1,0,0,0,0,0,0,0,0,0
571.130449281136,0,0,0,0,0,1,0,0,0,1
571.16686091731,0,1,0,1,0,1,1,0,0,1
571.16730631342,1,0,0,0,0,0,0,0,0,0
571.179754179005,1,0,0,0,0,0,0,0,0,0
571.194416006349,0,0,0,1,0,0,0,0,0,0
571.195588498862,0,0,0,0,0,0,1,0,0,0
571.195975823021,0,1,0,0,0,0,0,0,0,0
571.203605486942,0,0,0,0,0,1,0,0,1,0
571.215978268028,1,0,0,0,0,0,0,0,0,0
571.227811512081,0,0,0,0,0,0,0,1,0,0
571.268649188873,0,0,0,0,0,1,0,0,0,0
571.385342951598,0,0,0,1,0,0,0,0,0,0
572.141062365735,0,0,0,0,0,0,0,0,1,0
572.191807896044,0,0,0,1,0,0,0,0,0,0
572.210661937049,0,0,0,0,1,0,0,0,0,0
572.24375761842,0,0,0,0,0,0,1,0,0,0
572.30799705309,0,1,0,0,0,0,1,0,0,0
572.344344454505,0,0,0,0,0,0,1,0,0,0
573.052195846218,0,0,0,1,0,1,0,0,0,1
573.052586667247,0,1,0,0,0,0,0,0,1,0
573.088456446702,1,1,1,0,0,1,1,0,1,1
573.088893095713,0,0,0,1,1,0,0,0,0,0
573.110211306459,0,0,0,0,0,0,0,0,0,1
573.124769040663,0,0,0,0,0,1,0,0,1,0
573.125166426087,0,0,0,1,0,0,0,0,0,0
573.137870474205,1,0,0,0,0,0,0,0,0,0
573.145873497719,0,0,0,0,0,0,0,0,0,1
573.161201074572,0,0,0,0,0,1,0,0,0,0
573.17422951105,0,1,0,0,0,1,0,0,0,1
573.182756682459,0,0,0,0,0,0,0,1,0,1
573.210217793701,0,0,0,0,0,0,0,0,1,0
573.23745735062,0,1,0,0,0,0,0,0,0,0
573.31068641984,0,0,0,0,1,0,0,0,0,0
573.364874695097,0,0,0,0,0,1,0,0,0,0
574.141677030251,1,0,0,0,0,0,0,0,0,0
574.206655346672,0,0,0,1,0,0,0,0,0,0
574.24300022478,0,0,0,0,1,0,0,0,0,0
574.277882169979,0,0,0,0,0,0,1,0,0,0
574.567887938338,0,0,1,0,0,0,0,1,0,0
575.031406729853,0,0,0,0,0,0,0,0,0,1
575.067807720103,1,1,1,0,0,1,1,0,1,1
575.068225194466,0,0,0,1,1,0,0,0,0,0
575.104190203675,0,0,0,0,1,1,0,0,1,1
575.104585606347,0,1,0,1,0,0,1,0,0,0
575.140688670541,0,0,0,1,1,1,1,0,0,1
575.141073818212,0,1,0,0,0,0,0,0,1,0
575.177037786709,0,1,0,0,0,0,0,0,0,1
575.177479253879,0,0,0,0,0,0,0,0,1,0
575.198508148286,0,1,0,1,1,1,0,0,1,1
575.234915025241,0,0,0,0,0,0,0,1,1,0
575.243380263326,0,1,0,0,0,0,0,0,0,0
575.247588081444,0,1,1,1,0,0,0,0,0,0
575.248080691093,0,0,0,0,1,1,0,0,0,0
575.248972894639,0,0,0,0,0,0,0,0,1,0
575.271258632667,0,0,0,0,0,0,0,0,1,0
575.343869800699,0,0,0,1,0,1,0,0,0,0
576.193749351026,0,0,0,0,1,1,0,0,1,0
576.222181562421,1,0,0,0,0,0,0,0,0,0
576.222590078889,0,0,0,0,0,1,0,0,1,0
576.258592628089,0,0,0,0,1,1,0,0,0,0
576.339346828021,0,0,0,0,1,0,0,0,0,0
577.047135670195,0,0,0,0,0,0,0,0,0,1
577.083450652242,1,1,0,1,1,1,1,0,1,1
577.11978863179,0,1,0,1,0,0,0,0,1,1
577.12015527068,0,0,0,0,0,1,0,0,0,0
577.156181344833,0,1,0,0,1,1,0,0,0,1
577.156597183815,0,0,0,0,0,0,0,0,1,0
577.192442685704,0,0,0,0,1,1,0,0,0,0
577.192873873744,0,0,0,0,0,0,1,0,0,1
577.223351317286,0,0,0,0,0,1,0,0,0,0
577.228842181521,0,1,0,0,1,0,1,0,0,0
577.22926463827,0,0,0,0,0,0,0,0,0,1
577.250444221197,0,1,0,1,0,0,0,0,0,1
577.250800172118,0,0,0,0,0,0,0,0,1,0
577.265260588823,0,0,0,0,0,0,1,0,0,0
577.301717729007,0,0,0,0,1,0,0,0,0,0
577.332530257215,0,0,0,0,1,0,0,0,0,0
577.351699495641,0,1,0,0,0,0,1,0,1,0
578.173043104979,0,0,0,1,0,0,0,0,0,0
579.062665420803,1,1,1,1,1,1,1,0,0,1
579.099008019376,1,1,1,1,1,1,1,0,1,1
579.135426017161,0,0,0,0,0,0,0,0,1,0
579.135844216707,0,1,0,0,1,1,1,0,0,1
579.148452769795,0,0,1,0,0,0,0,0,0,0
579.171855053951,0,0,0,1,0,0,1,0,0,1
579.172234627329,0,0,0,0,0,0,0,0,1,0
579.201516292728,0,0,0,0,0,1,0,0,0,0
579.204996205082,0,0,0,0,0,0,1,0,0,0
579.208271130283,0,1,0,1,1,0,0,0,1,1
579.237801016077,0,0,0,0,0,0,0,0,1,0
579.281425543483,0,1,0,0,0,0,0,0,0,0
579.317744374262,0,1,0,0,0,1,0,0,0,0
579.318190406327,0,0,0,0,0,0,0,0,1,0
580.203186895425,0,0,0,0,0,0,1,0,0,0
580.297843311458,0,0,0,0,0,0,1,0,0,0
581.078413358105,1,0,1,1,1,0,1,0,1,1
581.078802053496,0,1,0,0,0,0,0,0,0,0
581.114829532437,1,1,0,1,1,1,0,0,0,1
581.115278538972,0,0,0,0,0,0,0,0,1,0
581.151157465227,0,1,0,0,1,1,1,0,0,1
581.179962890781,0,0,0,1,0,0,0,0,0,0
581.214923063991,0,1,0,0,0,0,0,0,0,0
581.253326941526,1,0,0,0,0,0,0,0,0,0
581.256918256667,0,0,0,1,0,0,0,0,0,0
581.297017186753,0,0,0,0,0,0,1,0,0,0
581.33341500798,0,0,0,0,0,0,1,0,0,1
581.369754055998,0,0,0,0,0,0,1,0,0,0
582.240750545229,0,0,0,0,0,0,0,0,0,1
583.057704424877,0,0,0,1,0,0,0,0,0,0
583.072906221626,0,0,0,0,0,0,0,0,0,1
583.093327646706,0,0,0,0,0,0,0,0,1,0
583.094139859852,1,0,0,1,0,1,1,1,0,1
583.094609659085,0,1,0,0,0,0,0,0,0,0
583.130449298251,0,0,0,1,0,1,0,0,0,1
583.130906459716,0,1,0,0,0,0,1,0,0,0
583.166819083723,0,1,0,1,0,1,0,0,0,1
583.167217266236,0,0,0,0,0,0,0,0,1,0
583.230917940029,0,0,0,0,0,1,0,0,0,0
584.175895414167,0,1,0,0,0,0,0,0,0,0
584.198878760027,0,0,0,0,0,0,0,0,1,0
584.212027984113,0,0,0,0,0,1,0,0,0,0
584.242455440935,0,1,0,0,0,0,0,0,0,0
584.248425750648,0,0,0,0,0,1,0,0,0,1
584.27164705555,0,0,0,0,1,0,0,0,0,0
585.051283677876,0,0,0,0,0,0,0,0,1,0
585.052143643078,0,0,0,0,0,0,1,0,0,1
585.073327470231,0,0,0,0,0,0,0,0,0,1
585.08860240615,0,0,0,0,0,0,0,0,0,1
585.109651709498,0,1,0,0,1,1,0,0,0,1
585.145944005069,0,0,0,0,0,1,0,0,0,1
585.161623327728,0,0,0,1,0,0,0,0,0,0
585.219109598544,0,1,0,0,0,0,0,0,0,0
585.273828799148,0,0,0,0,0,0,0,0,1,0
585.284344985418,0,1,0,0,0,0,0,0,0,0
586.190719789732,1,0,0,0,0,0,0,0,0,0
586.250959084716,0,0,0,0,1,0,0,0,1,1
586.287321858217,0,0,0,1,0,0,1,0,1,0
586.295788134661,0,1,0,0,0,0,1,0,0,0
587.068431217602,0,1,0,0,0,0,0,0,0,0
587.103569507252,0,1,0,0,0,0,0,0,0,0
587.104157137504,1,0,0,0,0,0,0,0,0,0
587.160672458267,0,0,0,0,0,0,0,0,1,0
587.190040982936,1,0,0,0,0,0,0,0,0,0
587.197165484316,0,0,0,1,0,1,0,0,0,0
587.234666095135,0,0,0,1,1,0,0,0,0,1
587.307647939832,1,0,0,0,0,0,0,0,0,1
587.336170902354,0,0,0,0,1,0,0,0,0,0
587.344067718086,0,0,0,0,1,1,0,0,0,1
589.047181380793,0,1,0,0,0,1,0,0,0,0
589.083498484404,1,1,1,1,0,1,0,0,1,1
589.11979013248,0,1,0,1,0,0,1,0,0,0
589.156174413175,0,0,0,0,0,0,0,0,0,1
589.192519555546,0,0,0,0,0,0,0,0,1,0
589.192965045676,0,0,0,0,0,0,1,0,0,0
589.205996657435,0,0,1,1,0,0,0,0,0,0
589.214558750343,0,0,0,0,0,0,0,0,1,0
589.229437764457,0,0,0,0,0,0,0,0,0,1
589.250516033122,0,0,0,0,0,0,0,0,1,0
589.259790449436,0,0,0,0,1,0,0,0,0,0
589.323333398991,0,0,0,0,0,1,0,0,0,0
590.237830711178,1,0,0,1,0,1,0,0,0,0
591.062046664025,0,0,0,0,0,0,0,0,1,0
591.062755193273,0,1,0,1,0,0,0,0,0,0
591.063139733867,0,0,0,0,0,0,0,0,0,1
591.099146414748,0,1,1,0,0,1,1,0,1,1
591.099590225169,0,0,0,1,0,0,0,0,0,0
591.135598859864,0,1,0,1,0,1,1,0,1,1
591.171826553753,0,1,0,0,1,0,0,0,0,1
591.208099970852,0,0,0,0,0,1,1,0,0,1
591.208522897279,0,0,0,0,1,0,0,0,0,0
591.244574758557,0,0,0,0,0,0,0,0,0,1
592.188669563642,0,0,0,0,0,1,0,0,0,0
592.217070785152,0,0,0,0,0,0,0,0,0,1
593.077348353054,0,0,0,0,0,0,0,0,1,0
593.078451603643,0,0,0,1,0,1,1,0,0,1
593.078972500026,0,1,0,0,0,0,0,0,0,0
593.114833331098,1,1,1,0,0,1,1,0,0,1
593.115319633366,0,0,0,0,0,0,0,0,1,0
593.151157245447,0,1,0,0,0,0,0,0,0,1
593.151587185903,0,0,0,1,0,0,0,0,0,0
593.187462087552,0,0,0,0,0,1,1,1,1,0
593.187893808972,0,0,0,0,0,0,0,0,0,1
593.22380775273,0,1,0,0,0,0,0,0,1,0
593.224229133651,0,0,0,1,0,0,0,0,0,1
593.227479013265,0,0,0,0,0,0,1,0,0,0
593.332114514535,0,1,0,0,0,0,0,0,0,0
594.232725963526,0,0,0,0,0,0,1,0,0,0
594.277127306583,0,0,0,0,0,0,0,0,1,0
594.313561438758,0,1,0,0,0,0,1,0,0,0
595.057632180293,0,1,0,0,0,0,0,0,0,0
595.094039082214,1,1,0,1,0,1,1,0,0,1
595.094478071923,0,0,0,0,0,0,0,0,1,0
595.130402063703,1,1,0,0,0,1,0,0,0,1
595.130832698864,0,0,0,0,0,0,0,0,1,0
595.16681771033,0,0,0,0,0,1,1,0,1,1
595.167242374082,0,1,0,0,0,0,0,0,0,0
595.195100171205,0,0,0,1,0,0,0,0,0,0
595.203044374886,0,1,0,0,0,0,1,0,0,1
595.203510174725,0,0,0,0,0,1,0,0,0,0
595.232125433018,0,0,0,0,0,0,0,0,1,0
595.269564445967,0,0,0,1,0,1,0,0,0,0
595.288260513665,0,0,0,0,0,0,0,0,1,0
595.289462347412,0,1,0,0,0,0,0,0,0,1
595.305473667354,0,0,0,0,0,0,0,0,1,0
595.349058543306,0,0,0,0,0,0,0,0,0,1
596.320466169818,0,0,0,0,1,0,0,0,0,0
597.073227854212,0,0,0,0,0,1,0,0,0,1
597.088378083406,0,1,0,0,0,0,1,0,0,1
597.109538989137,0,0,0,1,0,0,1,0,0,0
597.110119150961,0,0,0,0,0,0,0,0,0,1
597.124847371932,0,0,0,0,0,0,0,0,0,1
597.145961671856,1,0,0,0,0,0,1,0,0,1
597.146389015412,0,0,0,0,0,0,0,0,1,0
597.18234973318,0,0,0,0,1,0,0,0,1,1
597.182797017482,0,1,0,0,0,1,0,0,0,0
597.247274837121,0,0,0,0,0,0,0,0,0,1
597.24778349204,0,0,0,0,1,1,0,0,0,0
597.255645765404,0,0,0,1,0,0,0,0,0,0
598.191621271646,0,0,0,0,0,1,0,0,0,0
599.067912338859,0,0,0,0,0,1,0,0,0,1
599.078193530827,0,0,0,0,0,0,0,0,1,0
599.104230163871,0,0,0,0,0,0,0,0,0,1
599.125323430164,0,0,0,0,0,0,0,0,0,1
599.161613442054,0,0,0,0,0,0,0,0,1,1
599.162084303069,0,0,0,1,0,0,0,0,0,0
599.186228315854,0,0,0,0,0,0,0,0,1,0
599.198367254304,0,0,0,0,0,0,0,0,0,1
599.22591237856,0,0,0,0,0,0,0,0,0,1
599.247311480408,1,0,0,0,0,0,0,0,0,0
599.289658284977,0,0,0,0,1,0,0,0,0,0
599.380420870373,0,0,0,0,0,0,0,0,1,1
600.302944849847,1,0,0,0,0,0,0,0,0,0
600.311465026293,0,1,0,0,0,0,0,0,0,0
601.083526475072,0,0,0,0,0,0,0,0,1,1
601.119823199507,0,0,0,0,0,0,0,0,0,1
601.177416889288,0,0,0,0,0,0,0,0,1,0
601.177808671823,0,0,0,0,0,0,0,0,0,1
601.192728415597,0,0,0,0,0,0,0,0,1,0
601.214244437684,0,0,0,0,0,1,0,0,0,0
601.242561823179,0,0,0,1,1,0,0,0,0,0
601.243130643023,0,0,0,0,0,0,0,0,1,0
601.278963323744,0,1,0,0,0,0,0,0,0,1
601.323235773857,0,0,0,0,0,0,0,1,0,0
602.939848741132,0,0,0,0,1,0,1,0,0,0
603.062691687994,0,0,0,0,0,0,0,0,1,1
603.098597134687,0,0,0,0,0,0,0,0,1,0
603.099197615498,0,0,1,0,0,0,0,0,0,1
603.184763642774,1,0,0,0,0,0,0,0,0,0
603.19275046118,0,1,0,0,0,0,0,0,0,0
603.208099194933,0,0,0,0,0,0,1,0,0,0
603.221997238481,0,0,0,0,0,0,0,0,0,1
603.229745696806,0,0,0,0,0,1,0,1,0,0
603.248511973164,0,0,0,0,1,0,0,0,0,0
603.266096114158,0,0,0,0,0,1,0,0,0,1
603.279405246338,0,0,0,0,1,0,0,0,0,0
603.285614919983,0,0,0,1,1,0,1,0,0,0
603.302627230734,0,0,0,0,0,1,0,0,0,0
603.338985245878,0,0,0,0,0,0,0,0,0,1
603.339399830745,0,0,0,1,1,0,0,0,0,0
605.077652575038,0,0,0,0,0,0,0,0,0,1
605.078376994186,0,0,0,1,0,0,1,0,0,0
605.114712474805,0,0,0,0,0,1,0,0,0,1
605.151135343693,0,0,0,0,0,0,0,0,0,1
605.187616190969,0,0,0,0,0,0,0,0,1,0
605.223939144052,0,0,0,0,0,0,0,0,1,0
605.23754304555,0,0,0,0,0,0,0,0,0,1
605.264706732983,0,0,0,1,0,0,0,0,0,0
605.327288788442,0,0,0,0,1,0,0,0,0,0
605.35168819614,0,0,0,0,0,1,0,0,0,0
607.094027855404,0,1,0,0,0,0,0,0,0,1
607.094507143615,0,0,0,0,0,0,0,0,1,0
607.130465756228,0,1,0,0,0,1,0,0,0,1
607.166682757266,0,0,0,0,0,0,1,0,0,0
607.20314364898,0,0,0,0,0,0,0,0,0,1
607.239709350624,0,1,0,0,0,0,0,0,0,0
607.276173882133,0,0,0,0,0,0,0,0,0,1
607.280373173598,0,0,0,1,0,0,0,0,0,0
607.316770582615,0,1,0,0,0,0,0,0,0,0
607.324507455016,0,0,0,0,0,0,0,0,1,0
609.073219357247,0,0,0,0,0,0,0,0,0,1
609.109641290635,0,0,0,0,0,0,1,0,0,1
609.146639860569,0,0,0,0,0,0,0,0,1,0
609.182732936932,0,0,0,0,0,0,0,0,0,1
609.195353589655,0,0,0,0,1,0,0,0,0,0
609.291924749079,1,0,1,0,0,0,0,0,0,0
609.305125210008,0,0,0,0,0,1,1,0,0,0
609.328414670635,0,0,0,0,0,0,0,0,1,0
610.226401345568,0,0,0,0,0,0,0,0,1,0
610.22763726563,0,1,0,0,0,0,0,0,0,0
610.264560582521,0,0,0,0,0,0,0,0,1,0
610.323482999181,0,0,0,0,0,1,0,0,0,0
610.33068468112,0,0,0,1,0,0,0,0,0,0
611.125414175645,0,1,0,0,1,0,0,0,0,1
611.159551659532,0,0,1,0,0,1,0,0,0,0
611.198156907607,0,1,0,0,0,1,0,0,0,1
611.198689370051,0,0,0,0,1,0,0,0,0,0
611.234942691798,0,0,0,0,1,1,0,0,0,1
611.344065387614,0,0,0,0,0,0,0,0,1,0
611.379056219734,0,0,0,0,0,0,0,0,1,0
612.243257268137,0,0,0,1,0,0,0,0,0,1
612.266902649713,0,1,0,0,0,0,0,0,0,0
612.279680656137,0,0,0,0,1,0,0,0,1,0
613.083993146368,0,0,0,0,0,0,0,0,0,1
613.104727492481,1,0,0,0,0,0,0,0,0,0
613.214190679211,0,1,0,0,0,1,0,0,1,0
613.240045271548,0,0,0,0,0,0,0,1,0,0
613.250579267058,1,0,0,1,0,0,1,0,0,0
613.263249997793,1,0,0,0,0,0,0,0,0,0
613.359662194938,0,0,0,0,0,0,0,1,0,0
614.282073975393,0,1,1,0,0,0,0,0,1,0
614.529860028488,0,0,1,0,0,0,0,1,0,0
615.062260271146,0,0,0,0,0,0,0,0,0,1
615.266142824514,0,0,0,0,0,0,0,0,1,0
615.338831870528,0,0,0,0,1,0,0,0,0,0
615.373784243107,0,0,0,0,0,0,0,0,1,0
615.410495649047,0,0,0,1,0,0,0,0,0,0
616.526953466632,0,0,1,0,0,0,0,0,0,0
616.955488556668,0,0,0,0,1,1,1,0,0,0
617.078374567741,0,0,0,0,0,1,0,0,0,0
617.114721717491,0,0,0,0,0,1,0,0,0,1
617.150931969219,0,0,0,0,0,1,0,0,0,0
617.195463697261,0,0,0,0,0,0,0,0,1,0
617.200383768268,0,0,0,1,0,0,0,0,0,1
617.208759560297,0,0,0,0,0,0,0,0,1,0
617.237297242435,1,0,0,0,0,0,1,0,0,0
617.300084873123,0,0,0,0,0,1,0,0,0,0
617.308982905295,0,0,0,0,0,0,1,0,0,0
617.318159385959,0,0,0,0,0,0,0,0,0,1
617.354632665464,0,1,0,0,0,1,0,0,1,0
618.203112467719,0,0,0,1,0,0,1,0,0,0
618.23251820004,0,0,0,1,0,0,0,0,0,0
618.283593595985,0,0,0,1,0,0,0,0,0,0
618.313380637843,0,0,0,0,0,0,0,0,0,1
618.32018449813,0,0,0,0,0,0,0,0,0,1
618.349869854795,0,1,0,0,1,0,0,0,1,1
618.549762076099,0,0,1,0,0,0,0,1,0,0
619.093983820028,0,0,1,0,0,0,0,0,0,1
619.110422977276,0,0,0,0,0,0,0,1,0,0
619.129909362897,0,1,0,0,0,0,0,0,0,1
619.130481774723,0,0,0,0,1,1,0,0,0,0
619.215175566409,0,0,0,0,0,0,0,0,1,0
619.296443662007,0,0,0,0,0,1,1,0,0,0
620.256291144724,0,1,0,0,0,0,0,0,0,0
621.073835268926,0,0,0,0,0,0,0,0,0,1
621.109677500386,0,0,1,0,0,0,0,0,0,1
621.110256712938,0,0,0,1,0,0,0,0,0,0
621.145993920188,0,0,0,0,0,0,0,0,1,0
621.194707527657,0,1,0,0,0,0,0,0,0,0
621.21905006034,0,0,0,0,1,0,0,0,0,0
621.291720136343,0,0,0,1,0,0,0,0,0,0
621.29205120746,0,0,0,0,0,0,0,0,0,1
621.295348858576,0,0,0,0,0,0,0,0,1,0
621.305112409479,0,0,0,0,0,0,1,0,0,1
621.315551195371,0,0,0,0,0,0,0,1,0,0
623.104829441795,0,0,0,0,0,0,0,0,0,1
623.162253453875,0,0,0,0,0,1,0,0,0,1
623.198681698285,0,1,0,0,0,0,0,0,0,0
623.226866808899,0,0,0,0,0,1,0,0,0,0
623.306162144061,0,0,0,0,0,0,0,0,1,0
623.307990151695,0,0,0,0,0,1,0,0,0,0
623.342647926575,0,0,0,0,0,0,0,0,1,0
623.344403055009,0,0,0,0,0,0,0,0,0,1
624.206879471413,0,0,0,0,0,0,0,0,1,0
624.224749004828,0,0,0,0,1,0,0,0,0,0
624.251151860511,0,0,0,1,0,0,0,0,0,0
624.302839401142,0,0,0,0,0,1,0,0,0,0
625.10469974153,0,0,0,0,0,0,0,0,0,1
625.141503730523,0,0,0,0,0,0,0,0,0,1
625.213647554577,0,1,0,0,1,0,0,0,0,1
625.214520812458,0,0,0,0,0,1,0,0,0,0
625.286864819923,0,0,0,0,0,0,0,0,1,0
625.323375430571,1,0,0,0,0,0,0,0,1,0
626.259303662518,0,1,0,0,0,0,0,0,0,0
626.294027683155,0,0,0,0,0,1,0,0,0,0
627.217124740851,0,0,0,0,0,1,0,0,0,0
627.229839855633,0,1,0,0,0,1,1,0,0,1
627.242388627126,1,0,0,0,0,0,0,0,0,0
627.266233180463,1,0,0,0,0,0,0,0,0,0
627.302632677684,0,0,1,0,0,0,0,0,0,1
627.375268931953,0,0,0,0,0,0,1,0,1,1
628.974075281338,0,0,0,0,1,0,1,0,0,0
629.20845875135,0,1,0,1,0,0,0,0,0,0
629.281934825899,0,0,0,0,0,1,0,0,0,0
629.318355683434,0,0,0,0,0,1,0,0,0,0
631.259723461866,0,0,0,0,0,0,0,0,1,0
631.261023750609,0,0,0,0,0,0,1,0,0,1
631.296008072182,0,0,0,0,0,0,0,0,1,0
631.33390523925,0,0,0,0,0,0,1,0,0,0
631.370567430082,0,0,0,0,0,0,0,0,1,0
632.248180779038,0,0,1,0,0,0,0,0,0,0
632.329052386687,0,1,1,0,0,0,0,0,0,1
632.877142134053,0,0,0,0,0,1,0,0,0,0
633.268730130957,0,0,0,0,0,0,1,0,0,0
633.276729463123,1,0,0,0,0,0,0,0,0,0
633.305612443246,0,0,0,0,0,0,0,0,1,0
634.264027863027,0,0,0,1,0,0,0,0,0,0
634.299149873276,0,0,0,0,1,0,0,0,0,0
635.161695043408,0,0,0,1,0,0,0,0,0,0
635.248113182259,0,1,0,0,1,1,0,0,0,0
635.301734967427,0,0,0,0,0,0,0,0,1,0
635.306914962166,0,0,0,0,0,0,0,0,1,0
636.279601434683,0,0,0,0,0,0,1,0,0,0
637.105178819049,0,0,0,0,0,0,0,0,0,1
637.250198211814,0,0,0,0,1,0,0,0,1,0
637.336393164952,0,0,0,1,0,0,0,0,0,0
638.257644006413,0,1,0,0,0,0,0,0,0,0
639.222179952948,0,0,0,1,0,0,0,0,0,0
639.229579105225,0,0,0,0,0,0,1,0,0,0
639.266594522452,0,0,0,0,0,1,0,0,0,0
639.302692380801,0,0,1,0,0,0,0,0,1,1
639.339014682196,1,0,1,0,0,0,0,0,0,0
639.375428786622,0,1,0,0,0,0,0,0,0,0
640.236833878618,0,0,0,0,0,1,0,0,0,0
640.27492267446,0,0,0,0,1,0,0,0,0,0
641.208332548673,0,0,0,0,1,0,1,0,0,0
641.244062316661,0,0,0,0,0,0,0,0,1,0
641.273381321685,0,0,0,1,0,0,0,0,0,0
641.281726001709,0,0,0,0,1,0,1,0,0,0
641.35457993593,0,0,0,0,0,0,1,0,0,0
641.390939344526,0,1,0,0,0,0,0,0,0,0
641.391883236795,0,0,0,0,0,0,0,0,1,0
642.349624412436,0,0,0,0,1,0,0,0,0,0
643.223513861348,0,0,0,1,0,0,0,0,0,0
643.253185754521,0,1,0,0,0,0,0,0,0,0
643.297585986522,0,0,0,0,0,1,0,0,1,0
643.333998266468,0,1,0,0,0,0,0,0,0,1
643.370388869547,0,0,0,1,1,0,0,0,1,0
645.130825791557,1,0,0,0,0,0,0,0,0,0
645.268765528647,0,1,0,0,0,0,1,0,1,0
645.276674534758,0,0,0,0,0,0,0,0,1,0
645.378005044723,0,0,0,0,0,0,0,0,1,0
645.385856022267,0,0,0,0,0,1,1,0,0,0
646.687242692566,1,0,0,0,0,0,0,0,0,0
647.127234370101,1,0,0,0,0,0,0,0,0,0
647.248423048422,0,0,0,0,0,1,0,0,0,0
648.241881261097,0,0,0,0,0,0,0,0,0,1
648.324013527698,0,1,0,0,0,0,0,0,0,1
649.105546573914,0,0,0,0,0,0,0,0,1,0
649.178013792932,0,0,0,0,0,0,0,0,1,0
649.213071195497,0,0,0,0,0,0,0,0,0,1
649.30011097547,0,1,0,0,0,0,1,0,0,0
649.336511340386,0,0,0,0,0,1,1,0,0,0
651.083295202086,0,0,0,0,0,0,0,0,1,0
651.279432763926,0,0,0,0,0,0,1,0,0,0
651.339296355003,0,0,0,1,0,0,0,0,0,0
653.330113953421,0,1,0,0,0,0,0,0,0,0
654.277090287821,0,0,0,1,0,0,0,0,0,0
654.313048084213,0,0,0,0,0,1,0,0,0,0
655.224145804963,0,0,0,0,0,0,0,0,0,1
655.260861809612,0,0,0,0,1,1,0,0,0,0
655.332361519308,0,0,0,0,0,0,0,0,1,0
655.333800565109,0,1,0,0,0,0,0,0,0,0
655.370112538989,0,0,0,0,0,0,0,1,0,0
656.256404065976,0,0,0,0,0,1,0,0,0,0
656.292743575974,0,0,0,0,1,0,0,0,0,0
656.293182778048,0,0,0,0,0,1,0,0,0,0
656.305024748956,0,0,0,0,0,1,0,0,0,0
656.329180561339,0,0,0,0,0,1,0,0,0,0
657.275242433998,0,0,0,0,0,0,1,0,0,0
657.30394002878,0,0,0,1,1,0,0,0,0,0
657.313098048417,0,0,0,0,0,0,0,0,1,1
657.386609219461,0,0,0,0,0,0,1,0,0,0
659.220175440012,0,0,0,0,0,0,1,0,0,0
659.24700510608,0,1,0,0,0,0,0,0,0,0
659.256635900023,0,0,0,0,0,0,0,0,0,1
659.284290494112,0,0,0,0,0,1,1,0,1,0
659.284745059386,0,1,0,0,0,0,0,0,0,0
659.292362570671,0,0,0,0,1,1,0,1,1,0
659.292815699908,0,0,0,0,0,0,1,0,0,0
659.319447931728,0,0,0,0,0,0,0,0,0,1
659.320729421224,0,1,0,0,0,0,1,0,0,0
659.329226601418,0,0,0,0,0,0,0,0,1,0
659.365660330898,0,0,0,0,0,0,0,0,1,0
660.279152835373,0,1,0,0,0,0,0,0,0,0
661.250099902936,0,0,0,0,0,0,0,0,0,1
661.263541324538,0,0,0,0,0,0,1,0,0,0
661.272122777373,0,0,0,0,0,0,0,1,0,0
661.290615133802,0,1,0,0,0,0,0,0,0,1
661.298477003958,0,0,0,0,0,1,0,0,1,0
661.300048173441,0,1,0,1,0,0,0,0,0,0
661.300537716241,0,0,0,0,0,0,1,0,0,0
661.336379911107,0,0,0,0,0,0,1,0,0,0
661.343237312878,0,1,0,0,0,0,1,0,0,0
663.122216069637,1,0,0,0,0,0,0,0,0,0
663.156366391854,0,0,0,0,0,0,1,0,0,0
663.279320335903,0,1,0,1,0,1,0,0,0,0
663.352070033963,0,0,0,0,0,1,0,0,1,0
663.352536064616,0,0,0,0,0,0,1,0,0,0
664.238547687864,0,0,0,0,0,0,0,0,0,1
664.274647454325,0,0,0,0,0,1,1,0,1,0
664.310965912622,0,0,0,0,0,0,0,0,1,0
665.063463531974,1,0,0,0,0,0,0,0,0,0
665.172089951617,0,0,0,0,1,0,0,0,0,0
665.208080783686,0,0,0,1,0,0,0,0,0,0
665.279380463603,0,0,0,0,0,0,0,0,1,0
665.280412655356,0,0,0,0,0,0,0,0,0,1
665.28183961306,0,1,0,0,0,0,1,0,0,0
666.253855987162,0,1,0,1,0,0,1,0,0,0
667.167619434824,0,0,0,0,0,0,0,0,0,1
667.224740250014,0,0,0,0,0,0,0,0,0,1
667.259399397853,0,0,0,0,0,1,0,0,0,0
667.260772493199,0,0,0,0,0,0,1,0,1,0
667.370491342755,0,0,0,0,0,0,1,0,0,0
667.406578482897,0,0,0,0,0,0,0,0,1,0
668.231496719879,0,0,0,0,0,0,0,0,0,1
669.09444640675,0,0,0,0,0,0,0,0,0,1
669.311617511811,0,0,0,0,0,0,0,0,1,0
669.313051573377,0,0,0,0,0,0,0,0,0,1
669.384468690718,0,0,0,0,0,0,0,0,1,0
669.385825451081,0,1,0,0,0,0,1,0,0,0
669.436660811827,0,0,0,0,1,0,0,0,0,0
670.2722970427,0,0,0,0,0,1,0,0,0,1
671.183406986758,0,0,0,0,0,0,0,0,1,0
671.254803407473,0,0,0,0,0,0,0,0,1,0
671.256103922318,0,1,0,0,0,1,1,0,0,1
671.327508675034,0,1,0,0,0,0,0,0,0,0
671.328785244283,0,0,1,0,0,1,0,0,0,0
671.365096972511,0,0,0,0,0,0,0,0,0,1
672.251114409154,0,1,0,0,1,0,0,0,0,0
672.324036247699,0,1,1,1,0,1,0,0,0,0
673.249535162766,0,0,0,0,0,0,0,0,0,1
673.308173563182,0,0,0,0,0,0,0,0,1,0
673.344561388904,0,0,0,0,1,1,0,0,0,0
673.372956298521,0,0,0,1,0,0,1,0,0,0
673.381227031234,0,0,0,0,0,0,1,0,0,0
674.242737731448,1,0,0,0,0,0,0,0,0,0
674.267252605321,0,0,0,0,0,0,0,0,1,0
675.250480390709,0,0,0,0,0,1,0,0,0,0
675.279196018793,0,0,0,0,0,0,1,0,1,1
675.315718027848,0,1,0,0,0,0,1,0,1,0
675.316276957312,0,0,0,0,0,0,0,0,0,1
675.352121289693,0,1,0,1,1,1,1,0,1,0
676.346751088037,0,0,0,0,0,0,0,0,0,1
676.922278161188,0,0,0,0,1,0,0,0,0,0
677.253351846737,0,0,0,0,0,1,0,0,0,0
678.253092052345,0,0,1,0,1,0,0,0,0,0
679.274364063082,0,1,0,1,0,0,0,0,0,1
679.297381632232,0,0,0,0,0,1,0,0,1,0
679.310633517331,0,0,0,0,1,1,1,0,0,0
679.311133490185,0,1,0,1,0,0,0,0,0,0
679.347465369172,0,0,0,0,0,0,0,0,1,0
680.34096331449,0,0,0,0,0,0,0,0,0,1
680.350199708622,0,1,0,0,0,0,0,0,0,0
681.240597448769,0,1,0,0,0,0,0,0,0,0
681.275884045929,0,0,0,0,0,0,0,0,1,0
681.313572401611,0,0,0,0,0,0,0,0,0,1
682.248909276305,0,0,0,0,0,0,0,0,0,1
683.29260822331,0,0,0,0,0,0,0,0,1,0
683.327186059585,0,1,0,0,0,0,0,0,0,1
683.328729211399,0,0,0,1,1,0,0,0,0,0
683.365357186386,0,0,0,0,1,0,0,0,0,0
684.251660753716,0,0,0,0,0,0,0,0,0,1
684.263598326797,0,0,0,1,0,0,0,0,0,0
685.270418750817,0,0,0,0,0,1,0,0,0,0
685.271829148809,0,0,0,0,0,0,1,0,0,0
685.272381005735,0,0,0,0,1,0,0,0,0,0
685.342912597478,0,0,0,0,0,0,0,0,1,0
685.380886748031,0,0,0,0,0,1,0,0,0,0
687.30495555177,0,0,0,0,0,1,0,0,0,0
687.315444192824,0,0,0,0,0,0,0,0,0,1
687.322016801456,0,0,0,0,0,1,0,0,0,0
687.323541620514,0,0,0,0,0,0,0,0,0,1
687.35993555352,0,0,0,0,0,1,1,0,0,0
688.283221833191,0,0,0,0,0,0,0,0,0,1
688.391452153798,0,0,0,0,1,0,0,0,0,0
689.29508996802,0,1,0,0,0,0,0,0,0,1
689.29567021435,0,0,0,0,1,0,0,0,0,0
689.301558142199,0,0,0,0,0,0,0,0,1,0
689.331479070476,0,0,0,0,1,0,0,0,0,0
689.368786281717,0,0,0,0,0,0,0,0,1,0
690.28974575987,0,1,0,1,1,0,0,0,0,0
691.311095345409,0,1,0,0,0,0,0,0,0,0
692.268299945344,0,1,0,0,0,1,0,0,0,0
693.362834985666,0,1,0,0,0,0,0,0,0,0
693.476858770455,0,0,0,1,0,0,0,0,0,0
695.028268691898,0,0,0,0,0,0,0,0,0,1
695.26180571216,1,0,0,0,0,0,0,0,0,0
695.262769275012,0,1,1,1,1,1,1,0,1,1
695.29250996561,0,0,0,1,0,0,0,0,1,0
695.328788366556,0,1,0,0,0,0,0,0,0,0
697.34487685436,0,1,0,1,0,0,0,0,0,0
697.381192290105,0,0,0,0,0,0,0,0,1,0
698.315366089071,0,0,0,0,1,0,0,0,0,0
698.339429738251,0,0,0,0,0,0,1,0,0,0
698.339878630135,0,0,0,0,1,0,0,0,0,0
699.36056336998,0,0,0,0,0,1,0,0,0,0
699.397123445835,0,0,0,1,0,1,0,0,0,0
699.432570876158,0,0,0,0,0,1,0,0,0,0
699.498945155621,0,0,0,0,1,0,0,0,0,0
701.294018508943,0,0,0,0,0,0,0,0,1,0
701.330537410053,0,0,0,1,0,0,0,0,0,0
702.262027393303,0,0,0,0,0,1,1,0,0,0
702.298072611937,0,0,0,0,1,0,0,0,0,0
703.384110695077,0,0,0,0,0,1,0,0,0,0
705.290133267814,0,0,0,0,0,1,0,0,0,0
705.325015393995,0,0,0,0,0,1,0,0,0,0
705.326252138767,0,1,0,0,0,0,0,0,0,0
706.321809747285,0,0,0,0,0,0,0,0,0,1
711.25092311981,0,0,0,0,0,0,0,0,0,1
711.323593881472,0,0,0,0,1,1,0,0,0,0
711.358517054282,0,0,0,0,0,0,0,0,1,0
712.355056153935,0,0,0,0,0,0,1,0,0,0
713.375761955022,0,0,0,0,0,0,1,0,0,0
715.346341311289,0,0,0,0,1,0,0,0,0,0
715.353484343707,0,1,0,0,0,1,0,0,0,0
716.314133635648,0,0,0,0,1,0,0,0,0,0
717.325405829776,0,0,0,1,0,0,0,0,0,0
717.361188338556,0,0,0,0,1,0,0,0,0,0
718.256475525714,0,0,0,1,0,0,0,0,0,0
718.257015468888,0,0,0,0,0,1,0,0,0,0
721.321307534329,0,0,0,1,0,0,0,0,0,0
723.30049253298,0,1,0,0,0,0,0,0,0,0
723.321062865082,0,1,0,0,0,0,0,0,0,0
723.336312643038,0,0,0,1,0,0,0,0,0,0
724.295703145229,0,0,0,0,0,0,1,0,0,0
725.33766281985,0,0,0,0,1,0,0,0,0,0
727.318515286523,0,0,0,0,0,0,0,0,0,1
727.353324891472,0,0,0,0,0,0,0,0,1,0
727.355307216528,0,0,0,0,0,0,1,0,0,0
727.391904338386,0,0,0,0,0,0,0,0,1,0
729.297859942399,0,0,0,0,0,1,0,0,0,0
729.332976316474,0,1,0,1,0,0,0,0,1,0
729.405552952974,0,0,0,0,1,0,0,0,0,0
730.329554268256,0,0,0,0,0,0,0,0,0,1
730.330065031397,0,0,0,0,1,0,0,0,0,0
730.438770953933,0,0,0,0,0,0,0,1,0,0
731.340304242926,0,1,0,0,0,0,0,0,0,0
731.350230010819,0,0,0,0,0,0,0,0,0,1
733.357941286781,0,0,0,0,1,0,0,0,0,0
735.353846210061,0,1,0,0,0,0,0,0,0,0
737.33950273477,0,0,0,0,0,1,0,0,0,0
737.353368744004,0,1,0,0,0,0,0,0,0,0
742.32860286344,0,0,0,0,0,1,0,0,0,0
745.357659279694,0,0,0,0,0,0,0,0,1,0
745.363673378277,0,0,0,0,1,0,0,0,0,0
745.507659569298,0,1,0,0,0,0,0,0,0,0
748.181845693086,0,0,0,0,0,0,0,1,0,0
749.315445416479,0,0,0,0,0,0,1,0,0,0
749.334258639431,0,0,0,0,0,0,0,0,1,0
753.36813266428,0,0,0,1,0,0,0,0,0,0
759.308942146445,0,1,0,0,0,0,0,0,0,0
759.37188808943,0,0,0,1,0,0,0,0,0,0
759.408570699823,0,1,0,0,0,0,0,0,0,0
760.412412228448,0,0,0,0,0,0,0,0,1,0
774.672571577875,0,0,0,0,0,0,0,0,1,0
785.323248021135,0,0,0,0,0,0,0,0,1,0
785.395760309247,0,0,0,0,1,0,0,0,0,0
790.351107049586,0,0,0,1,0,0,0,0,0,0
790.387450294577,0,0,0,1,0,0,0,0,0,0
792.425576835256,0,0,1,0,0,0,0,1,0,0
792.939100673176,0,0,0,0,0,0,1,0,0,0
798.355376901751,0,0,0,0,0,1,0,0,0,0
800.419523772332,0,0,0,1,0,0,0,0,0,0
808.388931860043,0,1,0,0,0,0,0,0,0,0
826.557948147107,0,0,0,0,0,1,0,0,0,0
841.588213562407,1,0,0,0,0,0,0,0,0,0
862.470357955785,0,0,1,0,0,0,0,0,0,0
865.69803980732,0,0,1,0,0,0,0,0,0,0
869.594013345781,0,0,0,0,1,0,0,0,0,0
877.784015097706,0,0,0,0,1,0,0,0,0,0
888.537388767645,0,0,0,0,0,0,1,0,0,0
