ID_scanned,Wet_weight_g_tube.without.cap,Date_time.x,true_wet_weight_g,Weight_dry_g,Date_time.y,true_dry_weight_g,percent_water_content_dry,percent_water_content_wet
ECA2_0001_01_SM,31.29,11/22/20 12:30,24.632,25.93,11/24/20 13:00,19.272,27.8123702781237,21.7603117895421
ECA2_0001_02_SM,54.11,11/22/20 12:30,47.452,43.06,11/24/20 13:00,36.402,30.3554749739025,23.2866897074939
ECA2_0001_03_SM,42.19,11/22/20 12:30,35.532,34.26,11/24/20 13:00,27.602,28.7298021882472,22.317910615783
ECA2_0001_04_SM,42.57,11/22/20 12:30,35.912,33.51,11/24/20 13:00,26.852,33.7405035006704,25.2283359322789
ECA2_0001_05_SM,64.97,11/22/20 12:30,58.312,52.15,11/24/20 13:00,45.492,28.1807790380726,21.9851831526958
ECA2_0001_06_SM,55.17,11/22/20 12:30,48.512,46.82,11/24/20 13:00,40.162,20.7907972710522,17.2122361477573
ECA2_0001_07_SM,43.87,11/22/20 12:30,37.212,34.23,11/24/20 13:00,27.572,34.9630059480633,25.9056218424164
ECA2_0001_08_SM,55.87,11/22/20 12:30,49.212,44.81,11/24/20 13:00,38.152,28.9893059341581,22.4741932861904
ECA2_0001_09_SM,47.49,11/22/20 12:30,40.832,38.68,11/24/20 13:00,32.022,27.5123352695022,21.5762147335423
ECA2_0001_10_SM,49.08,11/22/20 12:30,42.422,35.8,11/24/20 13:00,29.142,45.5699677441493,31.30451180991
ECA2_0002_01_SM,60.29,10/20/2020 14:00,53.632,48.91,10/23/20 10:15,42.252,26.9336362775727,21.2186754176611
ECA2_0002_02_SM,62.32,10/20/2020 14:00,55.662,48.25,10/23/20 10:15,41.592,33.8286208886324,25.2775681793683
ECA2_0002_03_SM,53.83,10/20/2020 14:00,47.172,43.67,10/23/20 10:15,37.012,27.4505565762455,21.5382006274909
ECA2_0002_04_SM,60.31,10/20/2020 14:00,53.652,46.93,10/23/20 10:15,40.272,33.2240762812873,24.9384925072691
ECA2_0002_05_SM,57.64,10/20/2020 14:00,50.982,46.41,10/23/20 10:15,39.752,28.250150935802,22.0273822133302
ECA2_0002_06_SM,52.59,10/20/2020 14:00,45.932,42.35,10/23/20 10:15,35.692,28.6899024991595,22.2938256553166
ECA2_0002_07_SM,65.79,10/20/2020 14:00,59.132,52.14,10/23/20 10:15,45.482,30.0118728288114,23.0839477778529
ECA2_0002_08_SM,66.25,10/20/2020 14:00,59.592,51.75,10/23/20 10:15,45.092,32.1564800851592,24.3321251174654
ECA2_0002_09_SM,57.9,10/20/2020 14:00,51.242,47.07,10/23/20 10:15,40.412,26.7989706027912,21.1350064400297
ECA2_0002_10_SM,57.59,10/20/2020 14:00,50.932,47.07,10/23/20 10:15,40.412,26.0318717212709,20.65499096835
ECA2_0003_01_SM,48.96,11/13/20 16:30,42.302,40.83,11/18/20 11:00,34.172,23.7914081704319,19.2189494586544
ECA2_0003_02_SM,50.16,11/13/20 16:30,43.502,44.28,11/18/20 11:00,37.622,15.6291531550688,13.5166199255207
ECA2_0003_03_SM,61.9,11/13/20 16:30,55.242,55.27,11/18/20 11:00,48.612,13.6386077511725,12.0017378081894
ECA2_0003_04_SM,52.44,11/13/20 16:30,45.782,45.1,11/18/20 11:00,38.442,19.0936995993965,16.0325018566249
ECA2_0003_05_SM,53.13,11/13/20 16:30,46.472,46.03,11/18/20 11:00,39.372,18.0331199837448,15.2780168703736
ECA2_0003_06_SM,46.57,11/13/20 16:30,39.912,39.39,11/18/20 11:00,32.732,21.9357203959428,17.989577069553
ECA2_0003_07_SM,45.95,11/13/20 16:30,39.292,37.73,11/18/20 11:00,31.072,26.4546858908342,20.9202891173776
ECA2_0003_08_SM,52.03,11/13/20 16:30,45.372,43.48,11/18/20 11:00,36.822,23.2198142414861,18.8442211055276
ECA2_0003_09_SM,37.95,11/13/20 16:30,31.292,28.15,11/18/20 11:00,21.492,45.5983621812768,31.317908730666
ECA2_0003_10_SM,47.47,11/13/20 16:30,40.812,37.84,11/18/20 11:00,31.182,30.8832018472195,23.5960011761247
ECA2_0005_01_SM,38.62,10/20/2020 14:00,31.962,13.75,10/23/20 10:15,7.092,350.676818950931,77.8111507415055
ECA2_0005_02_SM,48.31,10/20/2020 14:00,41.652,34.99,10/23/20 10:15,28.332,47.0139771283354,31.9792566983578
ECA2_0005_03_SM,42.64,10/20/2020 14:00,35.982,14.84,10/23/20 10:15,8.182,339.770227328282,77.2608526485465
ECA2_0005_04_SM,38.71,10/20/2020 14:00,32.052,11.72,10/23/20 10:15,5.062,533.18846305808,84.2069137651316
ECA2_0005_05_SM,51.65,10/20/2020 14:00,44.992,36.51,10/23/20 10:15,29.852,50.7168698914646,33.650426742532
ECA2_0005_06_SM,34.89,10/20/2020 14:00,28.232,12.04,10/23/20 10:15,5.382,424.563359345968,80.9365259280249
ECA2_0005_07_SM,35.74,10/20/2020 14:00,29.082,11.68,10/23/20 10:15,5.022,479.091995221028,82.7315865483804
ECA2_0005_08_SM,38.17,10/20/2020 14:00,31.512,13.56,10/23/20 10:15,6.902,356.563314981165,78.0972328002031
ECA2_0005_09_SM,41.55,10/20/2020 14:00,34.892,16.65,10/23/20 10:15,9.992,249.19935948759,71.3630631663419
ECA2_0005_10_SM,42.72,10/20/2020 14:00,36.062,19.25,10/23/20 10:15,12.592,186.388182973316,65.082358160945
ECA2_0006_01_SM,40.69,11/13/20 16:30,34.032,25.88,11/18/20 11:00,19.222,77.0471334928728,43.5178655383169
ECA2_0006_02_SM,38.21,11/13/20 16:30,31.552,21.64,11/18/20 11:00,14.982,110.599385929782,52.5164807302231
ECA2_0006_03_SM,44.62,11/13/20 16:30,37.962,26.01,11/18/20 11:00,19.352,96.1657709797437,49.0227069174438
ECA2_0006_04_SM,33.19,11/13/20 16:30,26.532,23.39,11/18/20 11:00,16.732,58.5704040162563,36.9365294738429
ECA2_0006_05_SM,36.14,11/13/20 16:30,29.482,25.04,11/18/20 11:00,18.382,60.3851593950604,37.6500915813039
ECA2_0006_06_SM,31.52,11/13/20 16:00,24.862,21.16,11/18/20 11:00,14.502,71.4384222865812,41.6700185021318
ECA2_0006_07_SM,35.49,11/13/20 16:30,28.832,19.84,11/18/20 11:00,13.182,118.722500379305,54.2799667036626
ECA2_0006_08_SM,30.9,11/13/20 16:30,24.242,16.58,11/18/20 11:00,9.922,144.325740778069,59.0710337430905
ECA2_0006_09_SM,44.74,11/13/20 16:30,38.082,34.87,11/18/20 11:00,28.212,34.9851127179924,25.9177564203561
ECA2_0006_10_SM,38.14,11/13/20 16:30,31.482,28.42,11/18/20 11:00,21.762,44.6650124069479,30.8747855917667
ECA2_0007_01_SM,58.45,11/13/20 16:30,51.792,39.79,11/18/20 11:00,33.132,56.3201738500543,36.0287303058387
ECA2_0007_02_SM,47.7,11/13/20 16:30,41.042,28.25,11/18/20 11:00,21.592,90.0796591330122,47.3904780468788
ECA2_0007_03_SM,55.56,11/13/20 16:30,48.902,31.56,11/18/20 11:00,24.902,96.377800979841,49.0777473313975
ECA2_0007_04_SM,71.31,11/13/20 16:30,64.652,53.68,11/18/20 11:00,47.022,37.4930883416273,27.2690713357669
ECA2_0007_05_SM,58.23,11/13/20 16:30,51.572,41.15,11/18/20 11:00,34.492,49.5187289806332,33.1187466066858
ECA2_0007_06_SM,45.59,11/13/20 16:30,38.932,22.52,11/18/20 11:00,15.862,145.441936704073,59.2571663413131
ECA2_0007_07_SM,47.77,11/13/20 16:30,41.112,26.01,11/18/20 11:00,19.352,112.443158329888,52.9285853278848
ECA2_0007_08_SM,52.58,11/13/20 16:30,45.922,29.88,11/18/20 11:00,23.222,97.7521315993455,49.4316449631985
ECA2_0007_09_SM,68.69,11/13/20 16:30,62.032,54.8,11/18/20 11:00,48.142,28.8521457355324,22.3916688160949
ECA2_0007_10_SM,57.81,11/13/20 16:30,51.152,35.65,11/18/20 11:00,28.992,76.4348785871965,43.3218642477323
ECA2_0008_01_SM,55.13,10/28/20 10:00,48.472,45.7,NA,39.042,24.1534757440705,19.4545304505694
ECA2_0008_02_SM,62.43,10/28/20 10:00,55.772,52.79,10/30/20 14:30,46.132,20.8965577039799,17.2846589686581
ECA2_0008_03_SM,52.27,10/28/20 10:00,45.612,45.43,10/30/20 14:30,38.772,17.6415970287837,14.9960536700868
ECA2_0008_04_SM,58.8,10/28/20 10:00,52.142,49.21,NA,42.552,22.5371310396691,18.3920831575313
ECA2_0008_05_SM,63.2,10/28/20 10:00,56.542,50.37,10/30/20 14:30,43.712,29.3512079062958,22.6910968837325
ECA2_0008_06_SM,69.61,10/28/20 10:00,62.952,54.81,NA,48.152,30.7360026582489,23.5099758546194
ECA2_0008_07_SM,52.91,10/28/20 10:00,46.252,39.69,NA,33.032,40.0217970452894,28.5825477817175
ECA2_0008_08_SM,61.7,10/28/20 10:00,55.042,47.2,NA,40.542,35.7653791130186,26.3435194942044
ECA2_0008_09_SM,35.16,10/28/20 10:00,28.502,26.86,NA,20.202,41.0850410850411,29.1207634551961
ECA2_0008_10_SM,35.4,10/28/20 10:00,28.742,29.6,NA,22.942,25.281143753814,20.1795282165472
ECA2_0009_01_SM,40.27,10/20/2020 14:00,33.612,13.22,10/23/20 10:15,6.562,412.221883572082,80.4772105200524
ECA2_0009_02_SM,43.83,10/20/2020 14:00,37.172,13.86,10/23/20 10:15,7.202,416.134407109136,80.6252017647692
ECA2_0009_03_SM,43.57,10/20/2020 14:00,36.912,13.93,10/23/20 10:15,7.272,407.590759075908,80.2990897269181
ECA2_0009_04_SM,47.29,10/20/2020 14:00,40.632,15.56,10/23/20 10:15,8.902,356.436755785217,78.0911596771018
ECA2_0009_05_SM,46.17,10/20/2020 14:00,39.512,14.71,10/23/20 10:15,8.052,390.710382513661,79.6213808463252
ECA2_0009_06_SM,43.53,10/20/2020 14:00,36.872,13.84,10/23/20 10:15,7.182,413.394597605124,80.5218051638099
ECA2_0009_07_SM,43.22,10/20/2020 14:00,36.562,13.64,10/23/20 10:15,6.982,423.660842165569,80.903670477545
ECA2_0009_08_SM,43.24,10/20/2020 14:00,36.582,13.16,10/23/20 10:15,6.502,462.626884035681,82.2262314799628
ECA2_0009_09_SM,44.02,10/20/2020 14:00,37.362,13.91,10/23/20 10:15,7.252,415.195808052951,80.5899041807184
ECA2_0009_10_SM,47.85,10/20/2020 14:00,41.192,15.58,10/23/20 10:15,8.922,361.690203990137,78.3404544571762
ECA2_0010_01_SM,71.05,10/20/20 12:00 PM,64.392,60.05,10/23/20 10:15,53.392,20.6023374288283,17.0828674369487
ECA2_0010_02_SM,78.95,10/20/20 12:00 PM,72.292,63.17,10/23/20 10:15,56.512,27.9232729331823,21.8281414264372
ECA2_0010_03_SM,63.93,10/20/20 12:00 PM,57.272,51.61,10/23/20 10:15,44.952,27.4070119238299,21.5113842715463
ECA2_0010_04_SM,72.78,10/20/20 12:00 PM,66.122,56.07,10/23/20 10:15,49.412,33.817696106209,25.2714678926832
ECA2_0010_05_SM,63.57,10/20/20 12:00 PM,56.912,50.65,10/23/20 10:15,43.992,29.3689761774868,22.7017149283104
ECA2_0010_06_SM,77.32,10/20/20 12:00 PM,70.662,60.71,10/23/20 10:15,54.052,30.7296677273736,23.5062692819337
ECA2_0010_07_SM,58.59,10/20/20 12:00 PM,51.932,48.11,10/23/20 10:15,41.452,25.2822541735019,20.1802356928291
ECA2_0010_08_SM,65.18,10/20/20 12:00 PM,58.522,54.17,10/23/20 10:15,47.512,23.1730931133188,18.8134376815557
ECA2_0010_09_SM,81.99,10/20/20 12:00 PM,75.332,70.34,10/23/20 10:15,63.682,18.2940234289124,15.4648754845218
ECA2_0010_10_SM,77.6,10/20/20 12:00 PM,70.942,59.89,10/23/20 10:15,53.232,33.2694619777577,24.9640551436385
ECA2_0011_01_SM,55.56,10/28/20 10:00,48.902,43.15,NA,36.492,34.0074536884797,25.3772851826101
ECA2_0011_02_SM,68.28,10/28/20 10:00,61.622,50.3,NA,43.642,41.1988451491682,29.1778910129499
ECA2_0011_03_SM,43.41,10/28/20 10:00,36.752,32.25,NA,25.592,43.6073773054079,30.3656943839791
ECA2_0011_04_SM,40.69,10/28/20 10:00,34.032,30.87,NA,24.212,40.5584007929952,28.8551951104842
ECA2_0011_05_SM,57.39,10/28/20 10:00,50.732,42.79,10/30/20 14:30,36.132,40.4073951068305,28.7786801229993
ECA2_0011_06_SM,52.71,10/28/20 10:00,46.052,31.26,NA,24.602,87.1880334932119,46.5777816381482
ECA2_0011_07_SM,62.41,10/28/20 10:00,55.752,45.88,NA,39.222,42.1447147009331,29.6491605682307
ECA2_0011_08_SM,55.47,10/28/20 10:00,48.812,41.94,10/30/20 14:30,35.282,38.34816620373,27.7185937884127
ECA2_0011_09_SM,62.12,10/28/20 10:00,55.462,44.76,NA,38.102,45.561912760485,31.3007103963074
ECA2_0011_10_SM,64.82,10/28/20 10:00,58.162,50.13,10/30/20 14:30,43.472,33.7918660287081,25.2570406794814
ECA2_0013_01_SM,48.61,10/20/2020 14:00,41.952,39.64,10/23/20 10:15,32.982,27.1966527196653,21.3815789473684
ECA2_0013_02_SM,52.06,10/20/2020 14:00,45.402,46.53,10/23/20 10:15,39.872,13.8693820224719,12.1800801726796
ECA2_0013_03_SM,57.94,10/20/2020 14:00,51.282,41.09,10/23/20 10:15,34.432,48.9370353159851,32.8575328575329
ECA2_0013_04_SM,54.14,10/20/2020 14:00,47.482,36.92,10/23/20 10:15,30.262,56.903046725266,36.2663746261741
ECA2_0013_05_SM,46.97,10/20/2020 14:00,40.312,29.39,10/23/20 10:15,22.732,77.335914129861,43.6098432228617
ECA2_0013_06_SM,45.97,10/20/2020 14:00,39.312,35.29,10/23/20 10:15,28.632,37.300922045264,27.1672771672772
ECA2_0013_07_SM,47.93,10/20/2020 14:00,41.272,36.05,10/23/20 10:15,29.392,40.4191616766467,28.7846481876333
ECA2_0013_08_SM,49.72,10/20/2020 14:00,43.062,39.67,10/23/20 10:15,33.012,30.4434750999636,23.3384422460638
ECA2_0013_09_SM,45.67,10/20/2020 14:00,39.012,30.2,10/23/20 10:15,23.542,65.7123438960156,39.6544652927304
ECA2_0013_10_SM,45.76,10/20/2020 14:00,39.102,29.6,10/23/20 10:15,22.942,70.438497079592,41.3278093192164
ECA2_0016_01_SM,34.61,10/14/20 10:00 AM,27.952,30.05,NA,23.392,19.4938440492476,16.3136805953062
ECA2_0016_02_SM,37.02,10/14/20 10:00 AM,30.362,30.68,NA,24.022,26.3924735658979,20.8813648639747
ECA2_0016_03_SM,39.13,10/14/20 10:00 AM,32.472,32.49,NA,25.832,25.7045524930319,20.4483863020448
ECA2_0016_04_SM,33.62,10/14/20 10:00 AM,26.962,29.25,NA,22.592,19.3431303116147,16.2079964394333
ECA2_0016_05_SM,35.68,10/14/20 10:00 AM,29.022,31.47,NA,24.812,16.9675963243592,14.5062366480601
ECA2_0016_06_SM,35.59,10/14/20 10:00 AM,28.932,32.48,NA,25.822,12.0439934939199,10.7493432877091
ECA2_0016_07_SM,37.06,10/14/20 10:00 AM,30.402,34.22,NA,27.562,10.3040417966766,9.34149069140189
ECA2_0016_08_SM,32.95,10/14/20 10:00 AM,26.292,29.86,NA,23.202,13.317817429532,11.7526243724327
ECA2_0016_09_SM,39.23,10/14/20 10:00 AM,32.572,35.38,NA,28.722,13.4043590279228,11.8199680707356
ECA2_0016_10_SM,42.05,10/14/20 10:00 AM,35.392,36.78,NA,30.122,17.4955182258814,14.8903707052441
ECA2_0017_01_SM,44.11,11/5/20 14:00,37.452,14.12,11/9/20 14:30,7.462,401.902975073707,80.0758303962405
ECA2_0017_02_SM,45.68,11/5/20 14:00,39.022,14.33,11/9/20 14:30,7.672,408.628779979145,80.3392957818666
ECA2_0017_03_SM,45.37,11/5/20 14:00,38.712,15.92,11/9/20 14:30,9.262,317.965882098899,76.0746021905352
ECA2_0017_04_SM,45.31,11/5/20 14:00,38.652,14.98,11/9/20 14:30,8.322,364.455659697188,78.4694194349581
ECA2_0017_05_SM,43.48,11/5/20 14:00,36.822,16.17,11/9/20 14:30,9.512,287.111017661901,74.1676171853783
ECA2_0017_06_SM,58.01,11/5/20 14:00,51.352,37.07,11/9/20 14:30,30.412,68.8543995791135,40.7773796541517
ECA2_0017_07_SM,56.39,11/5/20 14:00,49.732,32.64,11/9/20 14:30,25.982,91.4094373027481,47.7559720099735
ECA2_0017_08_SM,43.55,11/5/20 14:00,36.892,17.89,11/9/20 14:30,11.232,228.454415954416,69.5543749322346
ECA2_0017_09_SM,46.53,11/5/20 14:00,39.872,16.81,11/9/20 14:30,10.152,292.750197005516,74.5385232744783
ECA2_0017_10_SM,52.82,11/5/20 14:00,46.162,27.7,11/9/20 14:30,21.042,119.380287044958,54.4170529873056
ECA2_0018_01_SM,53.86,11/22/20 12:30,47.202,49.56,11/24/20 13:00,42.902,10.0228427579134,9.10978348375068
ECA2_0018_02_SM,57.77,11/22/20 12:30,51.112,51.35,11/24/20 13:00,44.692,14.3649870222859,12.560651119111
ECA2_0018_03_SM,54.44,11/22/20 12:30,47.782,48.48,11/24/20 13:00,41.822,14.2508727464014,12.4733163115818
ECA2_0018_04_SM,55.4,11/22/20 13:00,48.742,49.4,11/24/20 13:00,42.742,14.0377146600533,12.3097123630545
ECA2_0018_05_SM,57.55,11/22/20 12:30,50.892,51.34,11/24/20 13:00,44.682,13.8982140459245,12.2023107757604
ECA2_0018_06_SM,58.96,11/22/20 12:30,52.302,52.08,11/24/20 13:00,45.422,15.146845141121,13.154372681733
ECA2_0018_07_SM,54.24,11/22/20 12:30,47.582,48.71,11/24/20 13:00,42.052,13.1503852373252,11.622041948636
ECA2_0018_08_SM,47.97,11/22/20 12:30,41.312,43.57,11/24/20 13:00,36.912,11.9202427394885,10.6506584043377
ECA2_0018_09_SM,49.77,11/22/20 12:30,43.112,44.83,11/24/20 13:00,38.172,12.9414230325893,11.458526628317
ECA2_0018_10_SM,57.5,11/22/20 12:30,50.842,53.58,11/24/20 13:00,46.922,8.35429009846128,7.71016089060226
ECA2_0019_01_SM,29.61,11/22/20 12:30,22.952,25.92,11/24/20 13:00,19.262,19.1568892119198,16.0770303241547
ECA2_0019_02_SM,46.01,11/22/20 12:30,39.352,39.15,11/24/20 13:00,32.492,21.1128893266035,17.4324049603578
ECA2_0019_03_SM,37.99,11/22/20 12:30,31.332,34.27,11/24/20 13:00,27.612,13.4724033029118,11.8728456530065
ECA2_0019_04_SM,37.5,11/22/20 12:30,30.842,34.64,11/24/20 13:00,27.982,10.2208562647416,9.27306919136243
ECA2_0019_05_SM,38.95,11/22/20 12:30,32.292,36.11,11/24/20 13:00,29.452,9.64280863778352,8.79474792518272
ECA2_0019_06_SM,39.62,11/22/20 12:30,32.962,35.56,11/24/20 13:00,28.902,14.047470763269,12.3172137613009
ECA2_0019_07_SM,42.65,11/22/20 12:30,35.992,38.55,11/24/20 13:00,31.892,12.8558886241064,11.3914203156257
ECA2_0019_08_SM,38.17,11/22/20 12:30,31.512,34.59,11/24/20 13:00,27.932,12.8168408993269,11.3607514597614
ECA2_0019_09_SM,42.62,11/22/20 12:30,35.962,39.73,11/24/20 13:00,33.072,8.7385099177552,8.03626049719148
ECA2_0019_10_SM,29.22,11/22/20 12:30,22.562,25.98,11/24/20 13:00,19.322,16.7684504709657,14.3604290399787
ECA2_0021_01_SM,28.55,10/28/20 10:00,21.892,19.65,NA,12.992,68.5036945812808,40.6541202265668
ECA2_0021_02_SM,36.51,10/28/20 10:00,29.852,28.52,NA,21.862,36.547433903577,26.7653758542141
ECA2_0021_03_SM,35.49,10/28/20 10:00,28.832,29.6,10/30/20 14:30,22.942,25.6734373637869,20.4286903440622
ECA2_0021_04_SM,29.58,10/28/20 10:00,22.922,23.82,NA,17.162,33.5625218506001,25.1286973213507
ECA2_0021_05_SM,29.08,10/28/20 10:00,22.422,19.13,NA,12.472,79.7787042976267,44.3760592275444
ECA2_0021_06_SM,31.13,10/28/20 10:00,24.472,23.16,10/30/20 14:30,16.502,48.2971760998667,32.5678326250409
ECA2_0021_07_SM,31.35,10/28/20 10:00,24.692,27.22,NA,20.562,20.0855947864994,16.7260651223068
ECA2_0021_08_SM,29.07,10/28/20 10:00,22.412,19.65,NA,12.992,72.506157635468,42.0310547920757
ECA2_0021_09_SM,45.98,10/28/20 10:00,39.322,40.66,10/30/20 14:30,34.002,15.6461384624434,13.5293220080362
ECA2_0021_10_SM,38.94,10/28/20 10:00,32.282,33.17,10/30/20 14:30,26.512,21.7637296318648,17.8737376866365
ECA2_0022_01_SM,45.09,11/6/20 16:00,38.432,38.78,11/13/20 16:00,32.122,19.6438577921674,16.4186094920899
ECA2_0022_02_SM,29.58,11/6/20 16:00,22.922,22.03,11/13/20 16:00,15.372,49.1152745251106,32.9377890236454
ECA2_0022_03_SM,37.63,11/6/20 16:00,30.972,31.23,11/13/20 16:00,24.572,26.0459059091649,20.6638253906755
ECA2_0022_04_SM,51.13,11/6/20 16:00,44.472,42.43,11/13/20 16:00,35.772,24.3206977524321,19.5628710199676
ECA2_0022_05_SM,47.56,11/6/20 16:00,40.902,41.49,11/13/20 16:00,34.832,17.4265043638034,14.8403501051293
ECA2_0022_06_SM,47.44,11/6/20 16:00,40.782,41.5,11/11/20 13:30,34.842,17.0483898742896,14.5652493747241
ECA2_0022_07_SM,42.43,11/6/20 16:00,35.772,35.28,11/11/20 13:30,28.622,24.9807840122982,19.9876998769988
ECA2_0022_08_SM,39.94,11/6/20 16:00,33.282,34.9,11/11/20 13:30,28.242,17.8457616316125,15.1433207138994
ECA2_0022_09_SM,48.56,11/6/20 16:00,41.902,39.05,11/11/20 13:30,32.392,29.3591010125957,22.6958140422892
ECA2_0022_10_SM,48.25,11/6/20 16:00,41.592,40.39,11/11/20 13:30,33.732,23.3013162575596,18.8978649740335
ECA2_0023_01_SM,55.7,11/5/20 14:00,49.042,34.5,11/9/20 14:30,27.842,76.1439551756339,43.2282533338771
ECA2_0023_02_SM,60.21,11/5/20 14:00,53.552,39.35,11/9/20 14:30,32.692,63.8076593662058,38.9527935464595
ECA2_0023_03_SM,57.92,11/5/20 14:00,51.262,45.8,11/9/20 14:30,39.142,30.9641816974094,23.6432445086029
ECA2_0023_05_SM,61.48,11/5/20 14:00,54.822,41.98,11/9/20 14:30,35.322,55.2063869543061,35.5696618146
ECA2_0023_08_SM,64.72,11/5/20 14:00,58.062,50.27,11/9/20 14:30,43.612,33.1330826378061,24.8871895559919
ECA2_0023_09_SM,62.54,11/5/20 14:00,55.882,44.9,11/9/20 14:30,38.242,46.1272945975629,31.5665151569378
ECA2_0023_10_SM,61.6,11/5/20 14:00,54.942,42.9,11/9/20 14:30,36.242,51.5975939517687,34.0358923956172
ECA2_0024_03_SM,59.68,11/13/20 16:30,53.022,43.36,11/18/20 11:00,36.702,44.46624162171,30.7796763607559
ECA2_0024_05_SM,64.74,11/13/20 16:30,58.082,47.9,11/18/20 11:00,41.242,40.8321613888754,28.9934919596433
ECA2_0024_06_SM,54.84,11/13/20 16:30,48.182,34.72,11/18/20 11:00,28.062,71.6983821538023,41.7583329874227
ECA2_0024_07_SM,59.6,11/13/20 16:30,52.942,40.09,11/18/20 12:00,33.432,58.3572625029911,36.8516489743493
ECA2_0024_08_SM,56.42,11/13/20 16:30,49.762,40.56,11/18/20 11:00,33.902,46.7819007728158,31.8717093364415
ECA2_0024_09_SM,56.5,11/13/20 16:30,49.842,41.62,11/18/20 11:00,34.962,42.560494250901,29.8543397134946
ECA2_0024_10_SM,49.51,11/13/20 16:30,42.852,26.24,11/18/20 11:00,19.582,118.833622714738,54.3031830486325
ECA2_0026_01_SM,62.52,10/20/20 8:50 AM,55.862,40.48,10/23/20 10:15,33.822,65.1646857075277,39.4543696967527
ECA2_0026_02_SM,62.55,10/20/20 8:50 AM,55.892,39.01,10/23/20 10:15,32.352,72.7621167161227,42.1169398124955
ECA2_0026_03_SM,70.29,10/20/20 8:50 AM,63.632,50.77,10/23/20 10:15,44.112,44.2509974610083,30.6763892381192
ECA2_0026_04_SM,72.83,10/20/20 8:50 AM,66.172,57.83,10/23/20 10:15,51.172,29.3129054951927,22.668198029378
ECA2_0026_05_SM,67.88,10/20/20 8:50 AM,61.222,50.49,10/23/20 10:15,43.832,39.6742106223763,28.4048217960864
ECA2_0026_06_SM,73.96,10/20/20 8:50 AM,67.302,56.84,10/23/20 10:15,50.182,34.1158184209477,25.437579863897
ECA2_0026_07_SM,72.43,10/20/20 8:50 AM,65.772,54.31,10/23/20 10:15,47.652,38.0256862251322,27.5497172048896
ECA2_0026_08_SM,73.37,10/20/20 8:50 AM,66.712,56.31,10/23/20 10:15,49.652,34.3591396116974,25.5726106247752
ECA2_0026_09_SM,80.23,10/20/20 8:50 AM,73.572,66.1,10/23/20 10:15,59.442,23.7710709599273,19.2056760724189
ECA2_0026_10_SM,80.04,10/20/20 8:50 AM,73.382,65.95,10/23/20 10:15,59.292,23.7637455305944,19.2008939521954
ECA2_0027_01_SM,55.76,11/6/20 16:00,49.102,36.63,11/11/20 13:30,29.972,63.8262378219671,38.9597165084925
ECA2_0027_02_SM,65.27,11/6/20 16:00,58.612,47.72,11/11/20 13:30,41.062,42.7402464565779,29.9426738551832
ECA2_0027_03_SM,42.28,11/6/20 16:00,35.622,18.99,11/13/20 16:00,12.332,188.858254946481,65.3809443602268
ECA2_0027_04_SM,47.01,11/6/20 16:00,40.352,33.34,11/13/20 16:00,26.682,51.2330410014242,33.8768834258525
ECA2_0027_05_SM,45.78,11/6/20 16:00,39.122,34.31,11/11/20 13:30,27.652,41.4798206278027,29.3185419968304
ECA2_0027_06_SM,36.98,11/6/20 16:00,30.322,21.07,11/11/20 13:30,14.412,110.394116014432,52.4701536837939
ECA2_0027_07_SM,57.33,11/6/20 16:00,50.672,38.62,11/11/20 13:30,31.962,58.5382641887241,36.9237448689612
ECA2_0027_08_SM,53.25,11/6/20 16:00,46.592,30.86,11/11/20 13:30,24.202,92.5130154532683,48.0554601648352
ECA2_0027_09_SM,49.89,11/6/20 16:00,43.232,25.67,11/13/20 16:00,19.012,127.39322533137,56.0233160621762
ECA2_0027_10_SM,49.87,11/6/20 16:00,43.212,29.68,11/11/20 13:30,23.022,87.6987229606463,46.7231324632047
ECA2_0028_01_SM,53.52,10/28/20 10:00,46.862,40.35,10/30/20 14:30,33.692,39.0893980766948,28.1037941189023
ECA2_0028_02_SM,50.48,10/28/20 10:00,43.822,38.46,NA,31.802,37.79636500849,27.429145178221
ECA2_0028_03_SM,53.98,10/28/20 10:00,47.322,40.26,NA,33.602,40.8309029224451,28.9928574447403
ECA2_0028_04_SM,52.93,10/28/20 10:00,46.272,42.08,NA,35.422,30.6306814973745,23.448305670816
ECA2_0028_05_SM,52.42,10/28/20 10:00,45.762,42.13,10/30/20 14:30,35.472,29.0087956698241,22.4859053363052
ECA2_0028_06_SM,55.18,10/28/20 10:00,48.522,44.93,NA,38.272,26.7819816053512,21.1244383990767
ECA2_0028_07_SM,57.44,10/28/20 10:00,50.782,45.02,NA,38.362,32.3757885407434,24.4574849356071
ECA2_0028_08_SM,57.44,10/28/20 10:00,50.782,45.4,NA,38.742,31.0773837179289,23.7091882950652
ECA2_0028_09_SM,49.07,10/28/20 10:00,42.412,39.28,NA,32.622,30.0104224143216,23.0830896915967
ECA2_0028_10_SM,54.88,10/28/20 10:00,48.222,42.83,10/30/20 14:30,36.172,33.3130598252792,24.9885944174858
ECA2_0029_01_SM,43.85,11/6/20 16:00,37.192,22.89,11/11/20 13:30,16.232,129.127649088221,56.3562056356206
ECA2_0029_02_SM,47.07,11/6/20 16:00,40.412,20.66,11/11/20 13:30,14.002,188.61591201257,65.3518756804909
ECA2_0029_03_SM,49.32,11/6/20 16:00,42.662,32.69,11/11/20 13:30,26.032,63.8829133374309,38.9808260278468
ECA2_0029_04_SM,50.16,11/6/20 16:00,43.502,33.46,11/11/20 13:30,26.802,62.3087829266473,38.3890395843869
ECA2_0029_05_SM,45.42,11/6/20 16:00,38.762,29.82,11/11/20 13:30,23.162,67.351696744668,40.2456013621588
ECA2_0029_06_SM,55.78,11/6/20 16:00,49.122,34.79,11/11/20 13:30,28.132,74.6125408787146,42.7303448556655
ECA2_0029_07_SM,44.68,11/6/20 16:00,38.022,18.61,11/13/20 16:00,11.952,218.122489959839,68.5655673031403
ECA2_0029_08_SM,40.58,11/6/20 16:00,33.922,19.58,11/11/20 13:30,12.922,162.513542795233,61.9067271976888
ECA2_0029_09_SM,56.77,11/6/20 16:00,50.112,33.76,11/11/20 13:30,27.102,84.9014832853664,45.9171455938697
ECA2_0029_10_SM,48.84,11/6/20 16:00,42.182,32.09,11/13/20 16:00,25.432,65.8619062598301,39.70888056517
ECA2_0033_01_SM,69.29,11/5/20 14:00,62.632,54.92,11/9/20 14:30,48.262,29.7749782437529,22.9435432366841
ECA2_0033_02_SM,67.4,11/5/20 14:00,60.742,54.48,11/9/20 14:30,47.822,27.016854167538,21.270290737875
ECA2_0033_03_SM,63.34,11/5/20 14:00,56.682,50.21,11/9/20 14:30,43.552,30.1478692138134,23.1643202427578
ECA2_0033_04_SM,55.88,11/5/20 14:00,49.222,36.76,11/9/20 14:30,30.102,63.5173742608465,38.8444191621633
ECA2_0033_05_SM,62.43,11/5/20 14:00,55.772,50.72,11/9/20 14:30,44.062,26.5761880985884,20.9961988094384
ECA2_0033_06_SM,73.13,11/5/20 14:00,66.472,60.46,11/9/20 14:30,53.802,23.5493104345563,19.0606571187868
ECA2_0033_07_SM,67.77,11/5/20 14:00,61.112,55.16,11/9/20 14:30,48.502,25.9989278792627,20.6342453200681
ECA2_0033_08_SM,68.97,11/5/20 14:00,62.312,57.71,11/9/20 14:30,51.052,22.0559429601191,18.0703556297342
ECA2_0033_09_SM,64.96,11/5/20 14:00,58.302,53.35,11/9/20 14:30,46.692,24.8650732459522,19.9135535659154
ECA2_0033_10_SM,62.23,11/5/20 14:00,55.572,53.43,11/9/20 14:30,46.772,18.8146754468485,15.8353127474268
ECA2_0034_01_SM,47.86,10/28/20 10:00,41.202,19.83,NA,13.172,212.799878530216,68.0306781224213
ECA2_0034_02_SM,56.11,10/28/20 10:00,49.452,35.36,NA,28.702,72.2946136157759,41.959880287956
ECA2_0034_03_SM,56.5,10/28/20 10:00,49.842,35.08,NA,28.422,75.3641545281824,42.9758035391838
ECA2_0034_04_SM,65.33,10/28/20 10:00,58.672,45.92,10/30/20 14:30,39.262,49.4371147674596,33.0822197982002
ECA2_0034_05_SM,61.55,10/28/20 10:00,54.892,49.79,10/30/20 14:30,43.132,27.2651395715478,21.4238869051957
ECA2_0034_06_SM,53.26,10/28/20 10:00,46.602,31.7,NA,25.042,86.0953597955435,46.2641088365306
ECA2_0034_07_SM,47.61,10/28/20 10:00,40.952,23.8,NA,17.142,138.898611597247,58.1412385231491
ECA2_0034_08_SM,50.01,10/28/20 10:00,43.352,26.44,NA,19.782,119.148721059549,54.3688872485698
ECA2_0034_09_SM,45.08,10/28/20 10:00,38.422,20.12,NA,13.462,185.410785915911,64.9627817396283
ECA2_0034_10_SM,47.27,10/28/20 10:00,40.612,21.2,10/30/20 14:30,14.542,179.273827534039,64.192849404117
ECA2_0035_01_SM,56.68,11/5/20 14:00,50.022,36.19,11/9/20 14:30,29.532,69.3823648923202,40.9619767302387
ECA2_0035_02_SM,49.3,11/5/20 14:00,42.642,32.55,11/9/20 14:30,25.892,64.6917966939595,39.280521551522
ECA2_0035_03_SM,35.88,11/5/20 14:00,29.222,23.54,11/9/20 14:30,16.882,73.0956047861628,42.2284580110875
ECA2_0035_04_SM,45.33,11/5/20 14:00,38.672,30.97,11/9/20 14:30,24.312,59.0654820664692,37.1328092676872
ECA2_0035_05_SM,49.97,11/5/20 14:00,43.312,35.88,11/9/20 14:30,29.222,48.2170967079597,32.5314000738825
ECA2_0035_07_SM,39.76,11/5/20 14:00,33.102,32.37,11/9/20 14:30,25.712,28.741443683883,22.3249350492417
ECA2_0035_08_SM,54.53,11/5/20 14:00,47.872,37.88,11/9/20 14:30,31.222,53.3277816923964,34.7802473262032
ECA2_0035_10_SM,34.72,11/5/20 14:00,28.062,20.23,11/9/20 14:30,13.572,106.763925729443,51.6356638871071
ECA2_0036_01_SM,49.18,10/28/20 10:00,42.522,29.08,11/6/20 14:30,22.422,89.6440995450897,47.2696486524623
ECA2_0036_02_SM,52.26,10/28/20 10:00,45.602,33.46,NA,26.802,70.144019103052,41.2262620060524
ECA2_0036_03_SM,38.34,10/28/20 10:00,31.682,23.47,10/30/20 14:30,16.812,88.4487270996907,46.9351682343286
ECA2_0036_04_SM,45.14,10/28/20 10:00,38.482,30.45,NA,23.792,61.7434431741762,38.1736915960709
ECA2_0036_05_SM,53.66,10/28/20 10:00,47.002,44.89,NA,38.232,22.9388993513287,18.6587804774265
ECA2_0036_06_SM,65.33,10/28/20 10:00,58.672,52.34,NA,45.682,28.4357077185762,22.1400327242978
ECA2_0036_07_SM,44.13,10/28/20 10:00,37.472,26.64,NA,19.982,87.5287758983085,46.6748505550811
ECA2_0036_08_SM,45.31,10/28/20 10:00,38.652,27.66,10/30/20 14:30,21.002,84.0396152747358,45.6638725033634
ECA2_0036_09_SM,57.31,10/28/20 10:00,50.652,44.25,10/30/20 14:30,37.592,34.7414343477336,25.7837795151228
ECA2_0036_10_SM,54.87,10/28/20 10:00,48.212,34.86,NA,28.202,70.9524147223601,41.5041898282585
ECA2_0037_01_SM,56.82,11/13/20 16:30,50.162,51.09,11/18/20 11:00,44.432,12.8961109110551,11.4229895139747
ECA2_0037_02_SM,51.46,11/13/20 16:30,44.802,38.12,11/18/20 11:00,31.462,42.4003559849978,29.7754564528369
ECA2_0037_03_SM,49.6,11/13/20 16:30,42.942,35.86,11/18/20 11:00,29.202,47.05157181015,31.9966466396535
ECA2_0037_04_SM,45.17,11/13/20 16:30,38.512,34.19,11/18/20 11:00,27.532,39.8808659014965,28.5105941005401
ECA2_0037_05_SM,43.53,11/13/20 16:30,36.872,28.62,11/18/20 11:00,21.962,67.8899918040251,40.4371881102191
ECA2_0037_06_SM,56.49,11/13/20 16:30,49.832,39.84,11/18/20 11:00,33.182,50.1778072448918,33.4122652111093
ECA2_0037_07_SM,48.13,11/13/20 16:30,41.472,34.8,11/18/20 11:00,28.142,47.3669248809609,32.1421682098766
ECA2_0037_08_SM,48.74,11/13/20 16:30,42.082,26.94,11/18/20 11:00,20.282,107.484468987279,51.8036215008792
ECA2_0037_09_SM,38.97,11/13/20 16:30,32.312,22.98,11/18/20 11:00,16.322,97.9659355471143,49.4862589749938
ECA2_0037_10_SM,51.77,11/13/20 16:30,45.112,31.03,11/18/20 11:00,24.372,85.0976530444773,45.9744635573683
ECA2_0038_01_SM,51.3,11/6/20 16:00,44.642,37.09,11/13/20 16:00,30.432,46.6942691903259,31.8310111554142
ECA2_0038_02_SM,62.8,11/6/20 16:00,56.142,42.29,11/13/20 16:00,35.632,57.5606196677144,36.5323643617969
ECA2_0038_03_SM,31.67,11/6/20 16:00,25.012,24.91,11/13/20 16:00,18.252,37.037037037037,27.027027027027
ECA2_0038_04_SM,53.22,11/6/20 16:00,46.562,38.93,11/13/20 16:00,32.272,44.2798710956867,30.6902624457712
ECA2_0038_05_SM,29.16,11/6/20 16:00,22.502,22.44,11/13/20 16:00,15.782,42.5801546065137,29.8640120878144
ECA2_0038_06_SM,57.78,11/6/20 16:00,51.122,42.86,11/13/20 16:00,36.202,41.2131926412905,29.1850866554517
ECA2_0038_07_SM,54.07,11/6/20 16:00,47.412,46.07,11/13/20 16:00,39.412,20.2983862782909,16.8733653927276
ECA2_0038_08_SM,54.28,11/6/20 16:00,47.622,43.39,11/13/20 16:00,36.732,29.6471741261026,22.867582209903
ECA2_0038_09_SM,52.11,11/6/20 16:00,45.452,38.73,11/13/20 16:00,32.072,41.71863307558,29.4376485083165
ECA2_0038_10_SM,54.3,11/6/20 16:00,47.642,45.44,11/13/20 16:00,38.782,22.8456500438348,18.5970362285378
ECA2_0039_01_SM,59.53,11/22/20 12:30,52.872,52.49,11/24/20 13:00,45.832,15.3604468493629,13.3151762747768
ECA2_0039_02_SM,60.35,11/22/20 12:30,53.692,53.33,11/24/20 13:00,46.672,15.0411381556394,13.0745734932578
ECA2_0039_03_SM,63.68,11/22/20 12:30,57.022,54.71,11/24/20 13:00,48.052,18.6672771164572,15.7307705797762
ECA2_0039_04_SM,61.5,11/22/20 12:30,54.842,53.42,11/24/20 13:00,46.762,17.2789872118387,14.7332336530396
ECA2_0039_05_SM,58.44,11/22/20 12:30,51.782,52.45,11/24/20 13:00,45.792,13.0808874912648,11.5677262369163
ECA2_0039_06_SM,64.38,11/22/20 12:30,57.722,56.89,11/24/20 13:00,50.232,14.9108138238573,12.9759883579917
ECA2_0039_07_SM,58.77,11/22/20 12:30,52.112,53.24,11/24/20 13:00,46.582,11.8715383624576,10.6117592876881
ECA2_0039_08_SM,55.12,11/22/20 12:30,48.462,48.99,11/24/20 13:00,42.332,14.480771047907,12.6490858817218
ECA2_0039_09_SM,58.43,11/22/20 12:30,51.772,52.83,11/24/20 13:00,46.172,12.1285627653123,10.8166576527853
ECA2_0039_10_SM,73.48,11/22/20 12:30,66.822,62.97,11/24/20 13:00,56.312,18.6638727091917,15.7283529376553
ECA2_0040_01_SM,48.29,10/20/20 8:50 AM,41.632,19.05,10/23/20 10:15,12.392,235.958683021304,70.2344350499616
ECA2_0040_02_SM,54.84,10/20/20 8:50 AM,48.182,30.07,10/23/20 10:15,23.412,105.800444216641,51.4092399651322
ECA2_0040_03_SM,48.61,10/20/20 8:50 AM,41.952,20.95,10/23/20 10:15,14.292,193.534844668346,65.9324942791762
ECA2_0040_04_SM,52.7,10/20/20 8:50 AM,46.042,23.03,10/23/20 10:15,16.372,181.224041045688,64.4411624169237
ECA2_0040_05_SM,59.91,10/20/20 8:50 AM,53.252,45.27,10/23/20 10:15,38.612,37.9156738837667,27.4919251859085
ECA2_0040_06_SM,65.93,10/20/20 8:50 AM,59.272,47.79,10/23/20 10:15,41.132,44.1019157833317,30.6046699959509
ECA2_0040_07_SM,61.75,10/20/20 8:50 AM,55.092,40.02,10/23/20 10:15,33.362,65.1339847730951,39.4431133376897
ECA2_0040_08_SM,52.54,10/20/20 8:50 AM,45.882,27.01,10/23/20 10:15,20.352,125.442216981132,55.6427357133516
ECA2_0040_09_SM,60.31,10/20/20 8:50 AM,53.652,39.34,10/23/20 10:15,32.682,64.1637598678171,39.0852158353836
ECA2_0040_10_SM,60.49,10/20/20 8:50 AM,53.832,39.51,10/23/20 10:15,32.852,63.8621697309144,38.973101500966
ECA2_0041_01_SM,47.8,10/20/2020 14:00,41.142,19.61,10/23/20 10:15,12.952,217.649783817171,68.5187885858733
ECA2_0041_02_SM,52.24,10/20/2020 14:00,45.582,23.37,10/23/20 10:15,16.712,172.750119674485,63.3364047211619
ECA2_0041_03_SM,46.22,10/20/2020 14:00,39.562,16.47,10/23/20 10:15,9.812,303.200163065634,75.1984227288813
ECA2_0041_04_SM,48.85,10/20/2020 14:00,42.192,18.56,10/23/20 10:15,11.902,254.495042849941,71.790860826697
ECA2_0041_05_SM,49.23,10/20/2020 14:00,42.572,20.9,10/23/20 10:15,14.242,198.918691195057,66.5460866297097
ECA2_0041_06_SM,49.25,10/20/2020 14:00,42.592,22.75,10/23/20 10:15,16.092,164.678100919712,62.2182569496619
ECA2_0041_07_SM,51.73,10/20/2020 14:00,45.072,24.2,10/23/20 10:15,17.542,156.937635389351,61.0800496982606
ECA2_0041_08_SM,56.12,10/20/2020 14:00,49.462,36.68,10/23/20 10:15,30.022,64.7525148224635,39.3028991953419
ECA2_0041_09_SM,61.75,10/20/2020 14:00,55.092,39.26,10/23/20 10:15,32.602,68.9834979449114,40.8226239744428
ECA2_0041_10_SM,73.76,10/20/2020 14:00,67.102,56.93,10/23/20 10:15,50.272,33.4778803309994,25.0812196357784
ECA2_0042_01_SM,52.22,10/28/20 10:00,45.562,42.36,NA,35.702,27.6175004201445,21.6408410517537
ECA2_0042_02_SM,43.89,10/28/20 10:00,37.232,32.16,NA,25.502,45.9963924398087,31.5051568543189
ECA2_0042_03_SM,42.39,10/28/20 10:00,35.732,32.13,NA,25.472,40.2795226130653,28.7137579760439
ECA2_0042_04_SM,56.86,10/28/20 10:00,50.202,45.53,NA,38.872,29.1469438155999,22.5688219592845
ECA2_0042_05_SM,42.85,10/28/20 10:00,36.192,27.55,10/30/20 14:30,20.892,73.2337736932797,42.2745358090186
ECA2_0042_06_SM,47.95,10/28/20 10:00,41.292,30.1,10/30/20 14:30,23.442,76.1453800870233,43.2287125835513
ECA2_0042_07_SM,65.98,10/28/20 10:00,59.322,50.59,NA,43.932,35.0314121824638,25.9431576818044
ECA2_0042_08_SM,56.93,10/28/20 10:00,50.272,46.1,NA,39.442,27.4580396531616,21.5428071292171
ECA2_0042_09_SM,64.09,10/28/20 10:00,57.432,44.69,10/30/20 14:30,38.032,51.0096760622634,33.7790778659981
ECA2_0042_10_SM,56.7,10/28/20 10:00,50.042,40.87,NA,34.212,46.2703145095288,31.6334279205468
ECA2_0043_01_SM,50.34,11/6/20 16:00,43.682,49.82,11/13/20 16:00,43.162,1.20476344933044,1.19042168398884
ECA2_0043_02_SM,53.7,11/6/20 16:00,47.042,53.22,11/13/20 16:00,46.562,1.03088355311199,1.020364780409
ECA2_0043_03_SM,54.45,11/6/20 16:00,47.792,53.56,11/13/20 16:00,46.902,1.89757366423607,1.86223635754938
ECA2_0043_04_SM,54.71,11/6/20 16:00,48.052,54.17,11/13/20 16:00,47.512,1.13655497558511,1.12378256888371
ECA2_0043_05_SM,62.11,11/6/20 16:00,55.452,61.69,11/13/20 16:00,55.032,0.763192324465769,0.757411815624327
ECA2_0043_06_SM,63.25,11/6/20 16:00,56.592,62.93,11/13/20 16:00,56.272,0.568666477111175,0.565450947130337
ECA2_0043_07_SM,62.7,11/6/20 16:00,56.042,62.39,11/13/20 16:00,55.732,0.556233402712988,0.55315656115057
ECA2_0043_08_SM,63.83,11/6/20 16:00,57.172,63.55,11/13/20 16:00,56.892,0.492160584968012,0.489750227384036
ECA2_0043_09_SM,60.63,11/6/20 16:00,53.972,60.37,11/13/20 16:00,53.712,0.484063151623483,0.481731268064932
ECA2_0043_10_SM,62.26,11/6/20 16:00,55.602,62.01,11/13/20 16:00,55.352,0.451654863419569,0.449624114240495
ECA2_0044_01_SM,54.52,10/28/20 10:00,47.862,39.66,NA,33.002,45.027574086419,31.0475951694455
ECA2_0044_02_SM,51.26,10/28/20 10:00,44.602,31.99,NA,25.332,76.0697931470077,43.2043406125286
ECA2_0044_03_SM,51.61,10/28/20 10:00,44.952,33.88,NA,27.222,65.1311439277055,39.4420715429792
ECA2_0044_04_SM,55.72,10/28/20 10:00,49.062,40.17,10/30/20 14:30,33.512,46.401289090475,31.6945905181199
ECA2_0044_05_SM,61.22,10/28/20 10:00,54.562,45.69,10/30/20 14:30,39.032,39.7878663660586,28.4630328800264
ECA2_0044_06_SM,61.43,10/28/20 10:00,54.772,48.92,NA,42.262,29.6010600539492,22.8401372964288
ECA2_0044_07_SM,36.01,10/28/20 10:00,29.352,22.91,NA,16.252,80.6054639428993,44.6306895611883
ECA2_0044_08_SM,42.58,10/28/20 10:00,35.922,25.5,NA,18.842,90.6485511092241,47.5474639496687
ECA2_0044_09_SM,50.22,10/28/20 10:00,43.562,33.85,10/30/20 14:30,27.192,60.201529861724,37.5786235710022
ECA2_0044_10_SM,46.72,10/28/20 10:00,40.062,22.45,NA,15.792,153.685410334347,60.5810992960911
ECA2_0045_01_SM,39.15,11/6/20 16:00,32.492,34.77,11/11/20 13:30,28.112,15.5805350028457,13.4802412901637
ECA2_0045_02_SM,40.32,11/6/20 16:00,33.662,36.05,11/11/20 13:30,29.392,14.5277626565052,12.6849266234924
ECA2_0045_03_SM,43.46,11/6/20 16:00,36.802,38.04,11/11/20 13:30,31.382,17.271047097062,14.7274604641052
ECA2_0045_04_SM,52.35,11/6/20 16:00,45.692,44.96,11/11/20 13:30,38.302,19.2940316432562,16.1735095859231
ECA2_0045_05_SM,53.99,11/6/20 16:00,47.332,45.19,11/11/20 13:30,38.532,22.8381604899824,18.5920730161413
ECA2_0045_06_SM,51.35,11/6/20 16:00,44.692,43.94,11/11/20 13:30,37.282,19.8755431575559,16.5801485724515
ECA2_0045_07_SM,46.32,11/6/20 16:00,39.662,39.37,11/11/20 13:30,32.712,21.2460259232086,17.5230699410015
ECA2_0045_08_SM,45.97,11/6/20 16:00,39.312,39.41,11/11/20 13:30,32.752,20.0293111871031,16.6870166870167
ECA2_0045_09_SM,42.11,11/6/20 16:00,35.452,37,11/11/20 13:30,30.342,16.8413420341441,14.4138553537177
ECA2_0045_10_SM,41.76,11/6/20 16:00,35.102,36.91,11/11/20 13:30,30.252,16.0319978844374,13.8168765312518
ECA2_0047_01_SM,60.67,10/14/20 10:00 AM,54.012,49.84,NA,43.182,25.0798944004446,20.0510997556099
ECA2_0047_02_SM,60.56,10/14/20 10:00 AM,53.902,48.99,NA,42.332,27.3315694982519,21.4648807094356
ECA2_0047_03_SM,60.84,10/14/20 10:00 AM,54.182,51.26,NA,44.602,21.4788574503386,17.6811487209775
ECA2_0047_04_SM,63.51,10/14/20 10:00 AM,56.852,49.84,NA,43.182,31.6567088138576,24.0448884823753
ECA2_0047_05_SM,48.55,10/14/20 10:00 AM,41.892,39.93,NA,33.272,25.9076701130079,20.5767210923327
ECA2_0047_06_SM,47.7,10/14/20 10:00 AM,41.042,41.12,NA,34.462,19.0934942835587,16.0323570976073
ECA2_0047_07_SM,55.51,10/14/20 10:00 AM,48.852,45.56,NA,38.902,25.5770911521258,20.3676410382379
ECA2_0047_08_SM,49.78,10/14/20 10:00 AM,43.122,42.88,NA,36.222,19.0491966208382,16.0011131209128
ECA2_0047_09_SM,65.89,10/14/20 10:00 AM,59.232,47.85,NA,41.192,43.7949116333269,30.4565099945975
ECA2_0047_10_SM,61.44,10/14/20 10:00 AM,54.782,48.05,NA,41.392,32.3492462311558,24.4423350735643
ECA2_0048_01_SM,54.37,11/13/20 16:30,47.712,26.07,11/18/20 11:00,19.412,145.786111683495,59.3142186452046
ECA2_0048_02_SM,55.8,11/13/20 16:30,49.142,29.3,11/18/20 11:00,22.642,117.039130818832,53.9253591632412
ECA2_0048_03_SM,51.14,11/13/20 16:30,44.482,23.5,11/18/20 11:00,16.842,164.113525709536,62.137493817724
ECA2_0048_04_SM,62.25,11/13/20 16:30,55.592,38.27,11/18/20 11:00,31.612,75.8572693913704,43.1357029788459
ECA2_0048_05_SM,44.52,11/13/20 16:30,37.862,17.22,11/18/20 11:00,10.562,258.473773906457,72.1039564735091
ECA2_0048_06_SM,50.32,11/13/20 16:30,43.662,22.23,11/18/20 11:00,15.572,180.387875674287,64.3351197837937
ECA2_0048_07_SM,66.04,11/13/20 16:30,59.382,43.85,11/18/20 11:00,37.192,59.6633684663369,37.3682260617696
ECA2_0048_08_SM,56.7,11/13/20 16:30,50.042,33.66,11/18/20 11:00,27.002,85.3270128138657,46.0413252867591
ECA2_0048_09_SM,45.1,11/13/20 16:30,38.442,16.55,11/18/20 11:00,9.892,288.617064294379,74.267728005827
ECA2_0048_10_SM,46.11,11/13/20 16:30,39.452,21.37,11/18/20 11:00,14.712,168.162044589451,62.7091148737707
ECA2_0049_01_SM,55.28,11/22/20 12:30,48.622,30.2,11/24/20 13:00,23.542,106.533004842409,51.5815885813007
ECA2_0049_02_SM,56.18,11/22/20 12:30,49.522,34.56,11/24/20 13:00,27.902,77.4854849114759,43.6573644036994
ECA2_0049_03_SM,61.94,11/22/20 12:30,55.282,40.87,11/24/20 13:00,34.212,61.5865778089559,38.1136717195471
ECA2_0049_04_SM,57.35,11/22/20 12:30,50.692,35.06,11/24/20 13:00,28.402,78.4803887050208,43.9714353349641
ECA2_0049_05_SM,51.99,11/22/20 12:30,45.332,27.34,11/24/20 13:00,20.682,119.185765399865,54.3765993117445
ECA2_0049_06_SM,51.3,11/22/20 12:30,44.642,25.85,11/24/20 13:00,19.192,132.607336390163,57.0090945746158
ECA2_0049_07_SM,54.32,11/22/20 12:30,47.662,28.88,11/24/20 13:00,22.222,114.481144811448,53.3758549788091
ECA2_0049_08_SM,50.18,11/22/20 12:30,43.522,27.25,11/24/20 13:00,20.592,111.353923853924,52.6859978861266
ECA2_0049_09_SM,49.12,11/22/20 12:30,42.462,24.21,11/24/20 13:00,17.552,141.921148587056,58.6642174179266
ECA2_0049_10_SM,46.99,11/22/20 12:30,40.332,20.46,11/24/20 13:00,13.802,192.218519055209,65.7790340176535
ECA2_0050_01_SM,39.21,11/6/20 16:00,32.552,23.29,11/13/20 16:00,16.632,95.7190957190957,48.9063652002949
ECA2_0050_02_SM,46.33,11/6/20 16:00,39.672,34.89,11/13/20 16:00,28.232,40.5213941626523,28.8364589635007
ECA2_0050_03_SM,45.83,11/6/20 16:00,39.172,28.45,11/13/20 16:00,21.792,79.7540381791483,44.3684264270397
ECA2_0050_04_SM,36.35,11/6/20 16:00,29.692,27.12,11/13/20 16:00,20.462,45.1080050825921,31.0858143607706
ECA2_0050_05_SM,55.57,11/6/20 16:00,48.912,37.52,11/13/20 16:00,30.862,58.4861642148921,36.9030094864246
ECA2_0050_06_SM,40.58,11/6/20 16:00,33.922,28.32,11/13/20 16:00,21.662,56.5968054657926,36.1417369258888
ECA2_0050_07_SM,40.84,11/6/20 16:00,34.182,33.07,11/13/20 16:00,26.412,29.418446160836,22.731262067755
ECA2_0050_08_SM,41.53,11/6/20 16:00,34.872,24.73,11/13/20 16:00,18.072,92.9614873837981,48.1761871988988
ECA2_0050_09_SM,32.73,11/6/20 16:00,26.072,25.11,11/13/20 16:00,18.452,41.2963364404942,29.2267566738263
ECA2_0050_10_SM,42.98,11/6/20 16:00,36.322,34.4,11/13/20 16:00,27.742,30.9278350515464,23.6220472440945
ECA2_0051_01_SM,30.88,10/28/20 10:00,24.222,23.31,NA,16.652,45.4600048042277,31.2525802989018
ECA2_0051_02_SM,30.31,10/28/20 10:00,23.652,23.59,10/30/20 14:30,16.932,39.6881644223955,28.4119736174531
ECA2_0051_03_SM,28.23,10/28/20 10:00,21.572,22.6,10/30/20 14:30,15.942,35.3155187554886,26.098646393473
ECA2_0051_04_SM,35.45,10/28/20 10:00,28.792,27.2,10/30/20 14:30,20.542,40.1616200954143,28.6537927202001
ECA2_0051_05_SM,30.89,10/28/20 10:00,24.232,24.59,NA,17.932,35.1327236225742,25.9986794321558
ECA2_0051_06_SM,34.15,10/28/20 10:00,27.492,27.15,NA,20.492,34.1596720671482,25.4619525680198
ECA2_0051_07_SM,27.93,10/28/20 10:00,21.272,22.23,NA,15.572,36.6041613151811,26.7957878901843
ECA2_0051_08_SM,25.06,10/28/20 10:00,18.402,20.21,NA,13.552,35.7880755608028,26.355830887947
ECA2_0051_09_SM,32.98,10/28/20 10:00,26.322,26.47,NA,19.812,32.8588734100545,24.7321632094826
ECA2_0051_10_SM,40.66,10/28/20 10:00,34.002,31.47,NA,24.812,37.0385297436724,27.0278218928298
ECA2_0052_01_SM,31.52,11/5/20 14:00,24.862,26.32,11/9/20 14:30,19.662,26.4469535143932,20.9154533022283
ECA2_0052_05_SM,40.63,11/5/20 14:00,33.972,34.2,11/9/20 14:30,27.542,23.3461622249655,18.9273519368892
ECA2_0052_10_SM,54.84,11/5/20 14:00,48.182,44.09,11/9/20 14:30,37.432,28.7187433212225,22.3112365613715
ECA2_0053_01_SM,57.77,11/22/20 12:30,51.112,42.28,11/24/20 13:00,35.622,43.4843635955309,30.3059946783534
ECA2_0053_02_SM,65.01,11/22/20 12:30,58.352,53.09,11/24/20 13:00,46.432,25.6719503790489,20.4277488346586
ECA2_0053_03_SM,45.57,11/22/20 12:30,38.912,36.58,11/24/20 13:00,29.922,30.0447831027338,23.1034128289474
ECA2_0053_04_SM,40.84,11/22/20 12:30,34.182,35.02,11/24/20 13:00,28.362,20.5204146393061,17.0265051781639
ECA2_0053_05_SM,41.38,11/22/20 12:30,34.722,36.42,11/24/20 13:00,29.762,16.6655466702507,14.2848914233051
ECA2_0053_06_SM,32.65,11/22/20 12:30,25.992,26.17,11/24/20 13:00,19.512,33.210332103321,24.9307479224377
ECA2_0053_07_SM,45.92,11/22/20 12:30,39.262,41.06,11/24/20 13:00,34.402,14.1270856345561,12.3783811318832
ECA2_0053_08_SM,46.18,11/22/20 12:30,39.522,40.48,11/24/20 13:00,33.822,16.8529359588434,14.4223470472142
ECA2_0053_09_SM,47.92,11/22/20 12:30,41.262,40.96,11/24/20 13:00,34.302,20.2903620780129,16.8678202704668
ECA2_0053_10_SM,44.23,11/22/20 12:30,37.572,39.63,11/24/20 13:00,32.972,13.9512313478102,12.2431597998509
ECA2_0054_04_SM,51.24,11/6/20 16:00,44.582,34.06,11/11/20 13:30,27.402,62.6961535654332,38.5357319097394
ECA2_0054_05_SM,58.33,11/6/20 16:00,51.672,45.97,11/11/20 13:30,39.312,31.4407814407814,23.9201114723641
ECA2_0054_06_SM,53.35,11/6/20 16:00,46.692,39.32,11/11/20 13:30,32.662,42.9551160369849,30.0479739569948
ECA2_0054_09_SM,55.69,11/6/20 16:00,49.032,43.63,11/11/20 13:30,36.972,32.6192794547225,24.5961820851689
ECA2_0054_10_SM,54.95,11/6/20 16:00,48.292,44.89,11/11/20 13:30,38.232,26.3130362000419,20.8316077197051
ECA2_0055_01_SM,47.4,11/22/20 12:30,40.742,36.78,11/24/20 13:00,30.122,35.2566230661975,26.0664670364734
ECA2_0055_02_SM,63.99,11/22/20 12:30,57.332,48.65,11/24/20 13:00,41.992,36.5307677652886,26.7564361961906
ECA2_0055_03_SM,62.94,11/22/20 12:30,56.282,49.06,11/24/20 13:00,42.402,32.7343049856139,24.6615258874951
ECA2_0055_04_SM,65.33,11/22/20 12:30,58.672,54.28,11/24/20 13:00,47.622,23.2035613791945,18.8335151349877
ECA2_0055_05_SM,69.09,11/22/20 12:30,62.432,55.98,11/24/20 13:00,49.322,26.5804306394712,20.9988467452589
ECA2_0055_06_SM,53.93,11/22/20 12:30,47.272,44.22,11/24/20 13:00,37.562,25.8505936851073,20.5407006261635
ECA2_0055_07_SM,67.33,11/22/20 12:30,60.672,50.18,11/24/20 13:00,43.522,39.4053582096411,28.2667457805907
ECA2_0055_08_SM,57.11,11/22/20 12:30,50.452,45.41,11/24/20 13:00,38.752,30.191990090834,23.1903591532546
ECA2_0055_09_SM,45.71,11/22/20 12:30,39.052,32.55,11/24/20 13:00,25.892,50.8265101189557,33.698658199324
ECA2_0055_10_SM,50.44,11/22/20 12:30,43.782,42.97,11/24/20 13:00,36.312,20.5717118307997,17.061806221735
ECA2_0056_01_SM,29.75,11/6/20 16:00,23.092,19.06,11/11/20 13:30,12.402,86.1957748750202,46.2930885155032
ECA2_0056_02_SM,44.28,11/6/20 16:00,37.622,31.25,11/13/20 16:00,24.592,52.9847104749512,34.633990750093
ECA2_0056_03_SM,35.59,11/6/20 16:00,28.932,25.5,11/13/20 16:00,18.842,53.550578494852,34.8748790266833
ECA2_0056_04_SM,42.34,11/6/20 16:00,35.682,26.52,11/11/20 13:30,19.862,79.6495821166046,44.3360798161538
ECA2_0056_05_SM,40.43,11/6/20 16:00,33.772,24.89,11/11/20 13:30,18.232,85.2347520842475,46.0144498401042
ECA2_0056_06_SM,42.77,11/6/20 16:00,36.112,35.96,11/11/20 13:30,29.302,23.2407344208587,18.8579973416039
ECA2_0056_07_SM,24.25,11/6/20 16:00,17.592,14.32,11/11/20 13:30,7.662,129.600626468285,56.4461118690314
ECA2_0056_08_SM,37.63,11/6/20 16:00,30.972,24.24,11/11/20 13:30,17.582,76.1574337390513,43.2325971845538
ECA2_0056_09_SM,68.56,11/6/20 16:00,61.902,53.81,11/13/20 16:00,47.152,31.2818120122158,23.8279861716907
ECA2_0056_10_SM,59.35,11/6/20 16:00,52.692,43.38,11/11/20 13:30,36.722,43.4889167256685,30.3082061793062
ECA2_0058_03_SM,38.82,11/6/20 16:00,32.162,36.3,11/11/20 13:30,29.642,8.50145064435599,7.83533362353089
ECA2_0058_04_SM,38.55,11/6/20 16:00,31.892,33.23,11/11/20 13:30,26.572,20.0210748155954,16.6812993854258
ECA2_0058_05_SM,44.18,11/6/20 16:00,37.522,38.32,11/11/20 13:30,31.662,18.5079906512539,15.6175043974202
ECA2_0058_06_SM,47.68,11/6/20 16:00,41.022,40.19,11/11/20 13:30,33.532,22.336872241441,18.2584954414704
ECA2_0058_07_SM,42.02,11/6/20 16:00,35.362,37.71,11/11/20 13:30,31.052,13.8799433208811,12.1882246479272
ECA2_0058_08_SM,34.24,11/6/20 16:00,27.582,29.46,11/11/20 13:30,22.802,20.9630734146128,17.3301428467841
ECA2_0058_09_SM,35.29,11/6/20 16:00,28.632,29.56,11/11/20 13:30,22.902,25.0196489389573,20.0125733445096
ECA2_0061_01_SM,27.7,10/28/20 10:00,21.042,26.84,NA,20.182,4.26122287186602,4.08706396730349
ECA2_0061_02_SM,33.41,10/28/20 10:00,26.752,32.15,NA,25.492,4.94272713008002,4.70992822966507
ECA2_0061_03_SM,31.32,10/28/20 10:00,24.662,30.34,NA,23.682,4.13816400641838,3.97372475873814
ECA2_0061_04_SM,30.24,10/28/20 10:00,23.582,29.4,10/30/20 14:30,22.742,3.69360654296016,3.56203884318548
ECA2_0061_05_SM,32.71,10/28/20 10:00,26.052,31.62,NA,24.962,4.36663728867879,4.18393981268233
ECA2_0061_06_SM,30.11,10/28/20 10:00,23.452,28.96,NA,22.302,5.15648820733566,4.90363295241343
ECA2_0061_07_SM,34.3,10/28/20 10:00,27.642,33.35,10/30/20 14:30,26.692,3.55911883710473,3.43679907387308
ECA2_0061_08_SM,32.43,10/28/20 10:00,25.772,31.14,10/30/20 14:30,24.482,5.26917735479127,5.00543225205649
ECA2_0061_09_SM,27.61,10/28/20 10:00,20.952,27.08,NA,20.422,2.59524042699051,2.52959144711723
ECA2_0061_10_SM,28.62,10/28/20 10:00,21.962,28.16,10/30/20 14:30,21.502,2.13933587573249,2.09452691011748
